Name,ID,Team,Age,GP,FGA,3PM,REB,AST,PTS,MIN,FGM,FGP,3PA,3PPER,FTM,FTA,FTPER,TOV,STL,BLK
AJ Hammons,1627773,SXF,25,25,12.8,0.1,10.9,1.6,15.3,504.63,6.8,0.536,1.0,0.071,1.6,2.1,0.759,1.6,0.9,3.5
Aaron Best,1628700,RAP,26,47,8.4,1.9,3.5,2.4,10.8,1226.5666666666666,3.6,0.427,5.0,0.376,1.8,2.2,0.813,1.6,0.9,0.0
Aaron Harrison,1626151,RNO,23,41,17.5,3.7,5.8,2.2,24.9,1104.7133333333334,7.6,0.436,8.7,0.425,6.0,7.1,0.839,1.9,1.4,0.4
Abdel Nader,1627846,MNE,24,4,16.3,2.2,5.6,1.5,20.7,147.81666666666666,6.8,0.418,5.4,0.409,4.9,5.8,0.833,3.7,1.0,1.7
Adam Woodbury,1627967,WES,24,45,8.6,0.0,12.4,2.2,12.2,728.235,4.2,0.491,0.0,0.0,3.8,4.9,0.76,2.1,0.8,0.7
Adreian Payne,203940,LAK,27,17,15.0,1.2,11.6,2.3,18.8,457.2366666666667,6.6,0.442,4.0,0.294,4.4,5.0,0.875,3.3,1.3,1.1
Akeem Springs,1628596,SLC,24,28,12.4,2.9,3.8,1.8,12.8,489.56,4.6,0.369,8.7,0.331,0.8,1.5,0.524,1.4,1.1,0.3
Akil Mitchell,204064,LIN,25,30,9.1,0.4,9.2,2.6,11.7,787.55,5.2,0.571,1.4,0.258,1.0,2.6,0.368,2.6,1.3,1.1
Alan Anderson,101187,LAK,35,15,16.3,2.2,4.5,3.2,22.0,360.52166666666665,8.1,0.497,6.2,0.355,3.6,4.9,0.735,2.8,1.8,0.1
Alan Williams,1626210,NAS,25,3,24.1,0.0,14.4,2.1,24.7,70.09,11.3,0.468,0.0,0.0,2.1,3.6,0.571,3.6,1.5,3.1
Alec Peters,1628409,NAS,23,35,13.9,3.9,7.6,2.1,18.6,1188.0666666666666,6.5,0.466,9.6,0.411,1.7,2.0,0.851,1.2,0.6,0.3
Alex Caruso,1627936,SBL,24,29,15.3,1.7,4.4,9.2,22.3,888.5616666666666,7.6,0.499,4.5,0.387,5.3,6.4,0.824,4.9,2.3,0.5
Alex Hamilton,1628174,WCB,24,45,11.3,0.6,5.0,6.4,13.1,1250.3583333333333,5.1,0.45,1.9,0.328,2.4,3.5,0.683,2.8,2.6,0.6
Alex Marzette,1627406,WIS,25,4,8.1,0.0,6.8,2.7,5.4,26.55,1.4,0.167,0.0,0.0,2.7,5.4,0.5,0.0,1.4,0.0
Alex Poythress,1627816,FWN,24,7,16.9,0.8,9.4,2.9,21.2,237.945,8.2,0.482,3.3,0.227,4.1,6.1,0.675,2.7,0.9,1.4
Alfonzo McKinnie,1628035,RAP,25,35,14.6,1.9,9.0,1.6,16.8,1047.395,6.5,0.448,5.3,0.348,1.9,2.6,0.714,2.5,0.9,0.4
Alonzo Gee,202087,SXF,31,28,11.1,0.6,5.9,2.5,15.3,898.1233333333333,5.5,0.493,1.8,0.356,3.7,5.2,0.721,2.6,1.8,0.5
Alonzo Nelson-Ododa,1628629,SLC,25,7,6.8,0.0,10.0,1.1,11.2,157.78833333333333,3.4,0.5,0.2,0.0,4.3,5.9,0.731,2.5,0.0,1.4
Amida Brimah,1628578,AUS,24,48,6.9,0.0,11.8,1.1,10.5,1085.1083333333333,4.2,0.606,0.0,0.0,2.2,3.5,0.607,2.2,0.5,4.1
Amile Jefferson,1628518,IWA,25,47,11.8,0.0,13.3,2.6,18.4,1637.48,7.4,0.625,0.1,0.167,3.6,4.9,0.729,2.3,1.0,0.7
Amjyot Singh,1627958,OKL,26,30,12.6,2.6,4.3,1.6,11.7,248.49166666666667,3.6,0.287,9.6,0.273,1.9,2.5,0.765,1.7,1.9,0.6
Andre Dawkins,203958,ACC,26,24,13.1,3.7,2.8,2.1,16.0,570.5566666666666,5.0,0.38,10.2,0.366,2.3,2.8,0.818,1.4,0.9,0.2
Andre Ingram,201281,SBL,32,47,10.2,3.5,4.0,1.6,14.3,1073.0233333333333,4.7,0.464,7.3,0.475,1.4,1.7,0.824,1.0,1.0,0.3
Andre Washington,1628607,RAP,24,25,11.0,0.0,8.3,1.1,12.6,134.12333333333333,4.6,0.415,0.3,0.0,3.5,4.8,0.722,3.0,0.8,3.0
Andrew Andrews,1627882,DEL,25,4,12.5,1.9,2.5,8.1,13.7,57.60666666666667,5.6,0.45,3.1,0.6,0.6,0.6,1.0,3.7,0.6,0.0
Andrew White III,1628510,ERI,24,38,14.4,3.0,5.2,1.4,18.3,1194.8633333333332,6.5,0.451,7.5,0.403,2.3,2.8,0.819,1.6,0.7,0.4
Ante Zizic,1627790,CTN,21,18,15.7,0.0,13.2,2.0,23.1,457.5183333333333,9.0,0.573,0.1,0.0,5.2,6.7,0.776,3.1,1.0,1.5
Anthony Bennett,203461,MNE,25,35,14.3,3.4,9.2,2.5,19.2,939.7733333333333,6.7,0.468,8.2,0.423,2.4,3.1,0.775,2.8,1.3,0.8
Anthony Brown,1626148,IWA,25,45,14.8,2.1,4.5,3.6,18.0,1695.1016666666667,6.8,0.459,5.2,0.404,2.4,3.0,0.794,2.6,0.7,0.3
Anthony Walker,1627372,TEX,24,27,5.6,0.0,7.8,0.6,8.8,224.745,3.4,0.6,0.0,0.0,2.1,3.0,0.684,1.3,0.8,2.2
Antonio Blakeney,1628469,WCB,21,32,22.5,2.6,6.2,3.6,30.1,1223.895,10.4,0.46,7.5,0.353,6.8,7.9,0.862,2.7,1.2,0.4
Antonio Campbell,1628850,LAK,23,20,11.1,1.7,10.3,2.6,14.2,317.67,5.4,0.49,4.6,0.366,1.6,2.2,0.737,1.6,2.3,1.7
Antonius Cleveland,1628499,TEX,24,7,12.8,1.2,4.9,3.1,18.8,185.41833333333332,7.0,0.545,2.3,0.5,3.7,4.5,0.826,1.2,2.1,0.4
Archie Goodwin,203462,NAS,23,34,14.2,0.8,6.6,3.4,21.3,1091.7583333333334,7.5,0.528,2.4,0.319,5.5,7.8,0.706,3.3,1.8,0.3
Arthur Edwards,1628012,CTN,25,41,11.2,1.9,6.7,2.0,13.6,672.8183333333334,4.5,0.405,5.6,0.337,2.7,3.5,0.769,2.2,1.8,0.7
Asauhn Dixon-Tatum,204176,SLC,27,32,8.3,0.0,7.2,0.8,10.1,461.35,3.7,0.439,0.1,0.0,2.8,4.4,0.632,1.7,0.7,2.3
Askia Booker,1627389,DEL,24,36,15.1,2.2,4.5,7.1,17.6,1143.6683333333333,6.2,0.408,6.9,0.32,3.1,3.8,0.81,3.7,1.8,0.1
Austin Nichols,1628604,MHU,23,38,14.2,0.7,9.5,0.7,17.1,867.52,7.5,0.525,1.9,0.4,1.4,2.0,0.688,1.7,0.7,2.8
Avry Holmes,1628527,SCW,24,43,10.0,1.9,3.5,3.1,11.4,842.535,4.4,0.436,4.8,0.389,0.8,1.2,0.621,1.2,0.8,0.0
Beau Beech,1627862,ERI,24,20,10.8,2.4,7.4,1.8,12.7,334.6016666666667,4.0,0.37,7.1,0.333,2.4,3.0,0.786,2.9,0.8,0.8
Ben McLemore,203463,MHU,25,1,17.5,4.4,4.4,0.0,17.5,16.416666666666668,6.6,0.375,13.2,0.333,0.0,0.0,0.0,6.6,4.4,0.0
Ben Moore,1628500,FWN,23,43,9.9,0.6,8.3,2.5,15.2,1201.0383333333334,5.5,0.555,1.6,0.352,3.6,4.5,0.812,2.0,1.2,0.5
Billy Garrett,1628656,WES,23,50,12.6,1.0,3.6,3.2,15.8,1360.625,5.7,0.454,3.3,0.293,3.4,3.9,0.87,2.3,1.5,0.2
Brandon Ashley,1626165,TEX,23,45,15.7,1.9,7.4,1.8,18.9,1387.0916666666667,6.8,0.433,5.7,0.329,3.5,4.9,0.718,2.3,1.2,1.6
Brandon Austin,1627649,RNO,24,15,18.4,1.0,5.8,3.2,20.0,247.08833333333334,7.4,0.405,4.4,0.233,4.1,5.2,0.778,1.7,1.7,0.4
Brandon Jennings,201943,WIS,28,7,18.2,2.8,4.9,7.8,20.8,259.1616666666667,6.3,0.344,8.2,0.339,5.6,6.5,0.851,3.9,1.8,0.3
Brandon Paul,203464,AUS,27,2,12.2,2.4,4.9,4.9,15.2,59.18333333333333,6.1,0.5,6.1,0.4,0.6,0.6,1.0,3.6,1.8,0.0
Brandon Wood,1628658,WCB,29,43,14.9,1.7,3.6,4.4,17.0,1000.3816666666667,6.7,0.447,4.5,0.376,2.0,2.1,0.932,2.2,1.4,0.2
Brannen Greene,1627891,SLC,23,5,10.6,2.1,5.6,3.2,12.7,102.0,4.2,0.4,5.6,0.375,2.1,2.1,1.0,2.5,1.1,1.1
Brent Arrington,1628636,GBO,25,3,11.7,1.3,5.2,5.2,14.3,27.65,6.5,0.556,2.6,0.5,0.0,0.0,0.0,1.3,2.6,1.3
Brian Williams,1626993,WIS,25,38,9.1,0.1,7.2,1.8,8.7,531.6266666666667,3.5,0.378,1.6,0.083,1.6,2.6,0.632,1.8,1.6,0.3
Briante Weber,1627362,SXF,25,28,13.0,1.1,6.7,7.4,17.0,959.7566666666667,6.7,0.514,3.4,0.333,2.5,2.9,0.846,3.6,2.7,0.2
Brice Johnson,1627744,MHU,23,26,15.2,0.7,12.3,1.8,17.5,714.2633333333333,7.3,0.478,2.7,0.264,2.3,3.1,0.726,3.3,1.0,1.3
Bronson Koenig,1628460,GRD,23,47,14.5,3.6,3.2,2.3,16.6,994.6233333333333,6.0,0.418,8.9,0.405,0.9,1.1,0.8,2.1,0.8,0.1
Bruce Massey,203672,GRD,27,1,5.2,0.0,0.0,5.2,0.0,6.983333333333333,0.0,0.0,0.0,0.0,0.0,0.0,0.0,0.0,0.0,0.0
Bruno Caboclo,203998,RNO,22,36,15.2,2.8,7.6,1.6,16.9,1087.9566666666667,6.1,0.399,8.2,0.341,2.0,2.3,0.831,2.2,1.6,1.9
Bryce Alford,1628576,OKL,23,50,14.0,4.3,3.3,2.4,18.1,1542.8716666666667,5.8,0.412,10.7,0.404,2.2,2.8,0.793,1.4,1.1,0.1
Bryson Fonville,1627904,TEX,24,30,9.6,1.8,2.5,4.3,8.4,448.42333333333335,3.1,0.328,5.3,0.333,0.4,0.5,0.833,1.8,1.1,0.2
Buay Tuach,1628714,WES,23,23,7.5,1.4,4.1,1.0,9.3,177.37,3.5,0.459,2.6,0.538,1.0,1.2,0.833,2.0,1.0,0.4
Bubu Palo,204215,SXF,26,13,11.0,1.1,4.3,3.8,14.8,265.74333333333334,5.4,0.494,2.8,0.381,2.8,3.4,0.84,3.0,0.9,0.3
Byron Mullens,201957,LAK,29,11,18.0,2.5,13.1,3.3,23.4,331.8233333333333,9.1,0.506,6.1,0.411,2.7,3.8,0.714,2.5,1.1,2.2
C.J. Williams,203710,ACC,28,16,16.3,3.4,4.7,3.3,20.2,471.4116666666667,6.8,0.418,8.9,0.376,3.2,3.7,0.875,2.1,1.5,0.9
CJ Fair,203927,WCB,26,47,11.7,0.8,6.1,2.1,14.3,1194.8066666666666,5.1,0.433,3.1,0.262,3.4,4.2,0.819,1.6,1.3,0.9
CJ Wilcox,203912,SCW,27,12,14.2,3.7,3.3,1.2,17.8,230.62,6.4,0.451,9.8,0.381,1.2,1.4,0.889,1.7,1.4,0.2
Caleb Swanigan,1628403,CTN,21,14,13.1,0.7,14.3,3.2,16.9,424.215,6.5,0.5,2.2,0.308,3.1,4.7,0.673,3.3,1.2,1.0
Caleb White,1628639,LAK,24,2,9.6,0.0,0.0,0.0,0.0,7.466666666666667,0.0,0.0,4.8,0.0,0.0,0.0,0.0,0.0,0.0,0.0
Cameron Oliver,1628419,DEL,21,39,13.5,1.1,10.6,1.8,16.0,940.0,6.7,0.496,3.4,0.333,1.5,2.6,0.559,2.1,1.0,1.3
Cameron Payne,1626166,WCB,23,3,26.2,3.0,6.0,6.0,31.7,71.48333333333333,11.1,0.423,9.6,0.316,6.5,6.5,1.0,4.0,2.5,0.5
Carlos Lopez,1627987,DEL,27,1,9.6,0.0,19.2,9.6,0.0,3.75,0.0,0.0,0.0,0.0,0.0,0.0,0.0,0.0,0.0,0.0
Cat Barber,1627760,GBO,23,29,17.3,1.2,4.3,5.7,21.0,840.2083333333334,7.5,0.437,3.8,0.303,4.7,5.9,0.797,2.9,1.2,0.2
Cedi Osman,1626224,CTN,23,1,21.2,1.8,7.4,1.8,19.4,39.01833333333333,6.5,0.304,9.2,0.2,4.6,8.3,0.556,2.8,3.7,1.8
Chance Comanche,1628435,MHU,22,45,12.2,0.0,11.3,1.4,18.1,822.915,7.2,0.586,0.0,0.0,3.7,5.2,0.714,1.9,0.6,1.3
Chane Behanan,203989,SLC,25,9,9.8,0.2,9.1,2.4,12.2,194.50166666666667,5.0,0.509,0.4,0.5,2.0,3.5,0.579,3.0,0.9,1.3
Charles Cooke,1628429,SLC,23,25,14.9,1.4,5.7,2.6,18.2,633.43,6.8,0.456,5.1,0.278,3.1,5.2,0.604,3.5,1.8,0.5
Charlie Marquardt,1628641,LIN,23,4,23.6,3.1,7.9,1.6,15.7,22.866666666666667,4.7,0.2,15.7,0.2,3.1,3.1,1.0,0.0,1.6,0.0
Chinanu Onuaku,1627778,RGV,21,40,10.8,0.0,13.4,4.1,15.1,1023.9483333333334,6.4,0.598,0.1,0.0,2.3,3.4,0.667,3.4,1.4,1.7
Chris Anderson,1627997,GRD,25,11,8.0,0.0,7.7,1.6,7.1,112.24,3.5,0.44,0.0,0.0,0.0,0.3,0.0,2.6,1.3,2.6
Chris Boucher,1628449,SCW,25,20,15.7,0.9,12.1,1.4,19.1,444.0316666666667,7.4,0.469,4.0,0.224,3.4,5.5,0.618,1.4,0.7,3.3
Chris Braswell,1628727,ERI,28,1,7.3,0.0,7.3,4.9,4.9,14.766666666666667,2.4,0.333,4.9,0.0,0.0,0.0,0.0,2.4,0.0,0.0
Chris Flemmings,1628553,RAP,24,4,5.1,2.5,5.1,2.5,7.6,14.233333333333333,2.5,0.5,5.1,0.5,0.0,0.0,0.0,2.5,0.0,0.0
Chris McCullough,1626191,ERI,23,12,15.4,1.0,10.7,2.4,18.6,259.9866666666667,6.2,0.405,3.6,0.269,5.1,6.4,0.804,4.0,2.8,1.8
Chris Walker,1626217,RGV,23,48,14.0,0.0,12.1,2.1,21.4,812.8133333333334,8.6,0.614,0.4,0.111,4.2,7.0,0.605,2.9,0.8,2.0
Chris Wright,202874,OKL,29,16,14.8,0.9,6.8,2.3,20.4,351.56,8.1,0.545,2.8,0.333,3.3,5.4,0.604,3.1,2.2,1.3
Christian Wood,1626174,DEL,22,45,16.5,1.3,11.2,2.5,25.4,1488.2783333333334,8.9,0.543,3.9,0.319,6.2,7.8,0.796,3.3,1.3,1.9
Cleanthony Early,203921,RGV,27,33,12.4,1.4,6.4,2.9,15.7,955.34,6.2,0.5,4.4,0.322,1.8,2.3,0.8,2.1,1.1,1.2
Cliff Alexander,1626146,WIS,22,28,17.4,0.2,10.3,1.6,25.2,648.2116666666667,9.9,0.569,0.8,0.267,5.2,6.6,0.782,3.0,0.6,1.2
Cody Demps,1628610,RNO,24,45,8.1,1.0,7.9,2.1,10.7,1117.0,3.9,0.48,2.8,0.352,1.9,2.5,0.769,1.4,1.1,0.7
Cole Huff,1628674,GBO,24,33,10.2,2.3,6.9,0.8,13.3,447.4533333333333,3.9,0.386,7.4,0.315,3.1,3.5,0.864,0.8,1.0,0.2
Coron Williams,1627430,GBO,28,10,9.4,1.7,3.4,2.3,9.9,126.72166666666666,3.4,0.364,6.5,0.261,1.4,2.0,0.714,1.7,2.0,0.3
Cory Jefferson,203928,TEX,27,10,15.1,2.0,8.5,1.8,19.4,234.01666666666668,7.5,0.5,4.9,0.406,2.3,3.2,0.714,1.5,0.5,1.7
Craig Sword,1628591,ERI,24,49,9.0,0.7,5.0,3.0,12.0,1172.6483333333333,4.2,0.469,2.5,0.296,2.9,4.0,0.729,2.6,2.1,1.3
Craig Victor,1628670,RGV,23,19,9.4,1.7,7.2,2.0,10.4,228.625,3.3,0.35,4.9,0.355,2.0,3.3,0.619,2.4,1.1,1.3
Cristiano Felicio,1626245,WCB,25,8,13.2,0.0,11.8,2.9,18.0,277.7083333333333,7.8,0.588,0.3,0.0,2.5,3.1,0.792,3.2,1.6,2.6
Cullen Russo,1628544,OKL,24,2,6.3,0.0,12.7,0.0,0.0,5.691666666666666,0.0,0.0,6.3,0.0,0.0,0.0,0.0,0.0,0.0,6.3
D.J. Wilson,1628391,WIS,22,11,15.6,1.8,6.1,2.6,17.6,357.785,7.3,0.471,5.3,0.34,1.1,1.1,1.0,3.7,0.9,0.9
Daesung Lee,1628555,ERI,28,11,9.1,1.9,3.8,4.6,10.6,94.82166666666667,3.4,0.375,6.5,0.294,1.9,3.0,0.625,2.7,0.4,0.0
Dakarai Allen,1628614,ACC,23,46,8.3,1.0,4.1,1.7,9.9,1078.71,3.8,0.456,2.4,0.397,1.4,1.9,0.741,1.4,1.9,0.8
Dakari Johnson,1626177,OKL,22,10,18.2,0.0,11.6,3.5,26.3,318.9316666666667,10.6,0.584,0.0,0.0,5.1,8.1,0.625,3.3,0.5,1.5
Damian Jones,1627745,SCW,22,45,10.7,0.1,9.6,2.3,17.6,1378.755,7.3,0.681,0.1,0.5,3.0,4.3,0.697,2.3,0.8,2.5
Damien Wilkins,2863,GBO,38,15,16.5,2.3,6.8,5.2,25.3,501.33166666666665,8.1,0.491,5.3,0.432,6.8,7.5,0.904,3.3,1.1,0.6
Damion Lee,1627814,SCW,25,38,13.9,1.6,6.1,3.2,19.1,1129.04,6.3,0.456,5.2,0.305,4.8,5.3,0.915,2.8,1.7,0.2
Damon Lynn,1628682,TEX,23,12,12.1,4.1,3.4,6.2,14.7,190.85333333333332,5.1,0.422,9.8,0.423,0.4,0.6,0.667,2.3,1.5,0.2
Damonte Dodd,1628632,MNE,24,3,8.3,0.0,6.7,1.7,3.3,21.616666666666667,1.7,0.2,0.0,0.0,0.0,0.0,0.0,3.3,1.7,1.7
Damyean Dotson,1628422,WES,24,13,14.8,2.4,6.1,2.7,18.6,459.3333333333333,7.2,0.487,6.0,0.39,1.8,2.4,0.767,2.8,1.1,0.1
Daniel Alexander,1627000,AUS,26,28,10.6,1.3,7.9,2.4,13.6,227.10333333333332,5.7,0.537,4.1,0.308,1.0,1.0,1.0,1.9,1.1,0.5
Daniel Dingle,1628520,MNE,24,30,7.9,1.0,3.9,3.6,7.6,405.24833333333333,2.7,0.337,3.5,0.282,1.3,1.9,0.714,1.4,1.2,0.6
Daniel Dixon,1628679,MNE,24,46,12.4,2.7,5.2,2.9,14.4,1529.74,4.8,0.389,7.6,0.351,2.1,2.4,0.846,2.2,0.8,0.2
Daniel Hamilton,1627772,OKL,22,45,14.7,1.8,9.8,8.7,17.7,1476.8466666666666,6.0,0.407,6.1,0.286,3.9,4.8,0.813,5.4,1.2,0.1
Daniel Ochefu,1627849,RNO,24,32,10.5,0.0,10.9,2.4,14.6,607.855,6.3,0.599,0.2,0.0,2.0,3.3,0.607,3.7,1.1,2.6
Danuel House,1627863,NAS,24,35,14.2,3.1,6.2,3.1,20.1,1129.01,6.6,0.463,8.1,0.387,3.8,4.7,0.81,2.5,1.2,0.5
Darin Johnson,1628525,DEL,23,44,11.1,0.8,3.9,1.5,13.3,772.1483333333333,4.6,0.416,2.6,0.304,3.3,4.7,0.693,2.2,0.8,0.2
Darius Morris,202721,RGV,27,3,17.7,2.7,6.3,10.0,25.8,79.485,9.5,0.538,5.4,0.5,4.1,5.0,0.818,4.5,0.5,0.0
Darrun Hilliard,1626199,AUS,25,36,19.4,2.8,5.8,4.9,26.2,1023.26,9.2,0.474,7.0,0.4,5.0,5.9,0.845,4.0,1.4,0.5
David Stockton,204065,RNO,26,39,16.4,2.5,4.1,6.7,20.7,1100.0416666666667,7.4,0.449,6.2,0.4,3.5,4.1,0.864,2.8,2.3,0.3
Davion Berry,204310,RAP,26,46,12.7,2.1,3.4,3.5,17.2,1141.7233333333334,5.5,0.437,6.3,0.338,3.9,4.7,0.838,1.9,1.2,0.1
Davis Bertans,202722,AUS,25,1,18.4,6.9,5.8,1.2,31.1,31.28,10.4,0.563,12.7,0.545,3.5,4.6,0.75,1.2,2.3,1.2
Davon Reed,1628432,NAS,22,12,14.1,1.9,6.5,4.3,14.7,302.9866666666667,4.4,0.311,6.7,0.286,4.0,5.1,0.791,2.9,1.0,1.1
DeAndre Daniels,203908,ACC,26,27,12.9,1.4,9.1,1.5,13.5,627.3783333333333,4.6,0.356,5.8,0.248,2.9,3.6,0.823,2.5,1.0,1.8
DeAndre' Bembry,1627761,ERI,23,4,13.4,0.0,8.6,4.1,15.4,105.14166666666667,6.5,0.487,1.4,0.0,2.4,3.8,0.636,3.4,3.1,0.3
DeQuan Jones,203199,FWN,27,49,15.2,1.9,5.7,1.9,21.7,1497.42,7.7,0.508,4.5,0.435,4.3,5.2,0.833,2.9,1.5,0.6
Demarcus Holland,1628113,SBL,24,50,10.2,1.0,6.4,2.7,12.1,1272.4483333333333,4.8,0.474,2.8,0.34,1.5,2.0,0.722,2.1,1.4,0.2
Demetrius Jackson,1627743,DEL,23,26,14.3,1.7,4.6,5.6,18.4,749.1616666666666,6.6,0.465,4.9,0.353,3.4,4.2,0.807,2.7,1.5,0.4
Deonte Burton,203907,SLC,26,43,8.6,0.7,3.6,5.0,10.6,943.5566666666666,3.5,0.409,2.4,0.281,2.9,4.0,0.724,2.3,1.4,0.3
Derek Willis,1628491,GRD,22,43,12.5,2.3,8.9,1.1,15.1,1207.4966666666667,5.8,0.467,6.1,0.374,1.2,1.5,0.816,1.5,1.2,0.9
Derick Newton,1628540,WCB,22,22,8.7,1.6,4.5,2.2,6.8,332.91333333333336,1.8,0.213,6.3,0.259,1.5,2.2,0.7,1.0,0.6,0.2
Derrick Jones Jr.,1627884,SXF,21,29,15.8,2.0,9.3,2.3,21.7,840.5783333333334,7.9,0.497,5.8,0.338,3.9,5.7,0.692,2.1,1.7,2.2
Derrick Marks,1628590,ERI,24,30,9.9,0.8,3.6,5.1,8.8,515.1,3.4,0.345,2.9,0.262,1.2,1.6,0.739,2.6,2.0,0.4
Derrick Walton Jr.,1628476,SXF,23,27,13.8,2.3,4.4,7.8,17.9,875.845,6.1,0.442,6.2,0.377,3.4,3.8,0.902,3.4,1.6,0.2
Derrick White,1628401,AUS,23,24,20.3,2.6,6.3,4.5,25.7,675.8816666666667,9.2,0.453,7.7,0.331,4.7,5.4,0.873,3.1,1.7,1.4
Devin Carter,1628519,IWA,24,1,13.3,0.0,0.0,13.3,0.0,2.7,0.0,0.0,0.0,0.0,0.0,0.0,0.0,13.3,0.0,0.0
Devin Robinson,1628421,WES,23,44,12.9,1.8,7.1,2.2,17.8,1155.4583333333333,6.4,0.501,4.8,0.381,3.0,3.8,0.795,2.5,1.2,1.1
Devin Williams,1628241,MNE,24,45,12.5,0.3,15.0,2.5,16.1,1181.7716666666668,6.5,0.523,0.9,0.29,2.8,4.3,0.65,2.7,1.0,0.7
Devon Baulkman,1628654,WES,26,32,11.4,1.5,5.7,1.5,12.1,519.3633333333333,4.2,0.37,4.1,0.373,2.1,2.6,0.811,1.1,2.5,0.6
Deyonta Davis,1627738,MHU,21,2,18.8,0.0,8.4,0.0,22.3,51.583333333333336,10.5,0.556,0.0,0.0,1.4,2.1,0.667,0.7,4.2,3.5
Diamond Stone,1627754,SLC,21,31,18.6,0.5,9.5,1.6,23.7,753.1,8.8,0.473,2.1,0.25,5.5,7.4,0.753,3.4,0.8,1.2
Dominic James,202080,GBO,31,11,10.0,0.0,4.7,6.3,8.3,108.33333333333333,4.0,0.4,2.0,0.0,0.3,0.7,0.5,3.0,1.7,0.0
Donald Sloan,202388,TEX,30,24,15.8,2.6,4.2,6.2,19.6,830.2116666666667,6.8,0.43,7.1,0.368,3.3,3.9,0.865,3.0,1.1,0.0
Donte McGill,1628745,DEL,23,4,17.6,0.0,4.2,6.3,13.4,51.233333333333334,2.8,0.16,2.8,0.0,7.7,8.4,0.917,2.8,0.7,0.0
Drew Barham,1628625,MNE,28,37,9.7,2.0,6.1,1.8,10.9,602.7566666666667,4.1,0.423,6.2,0.327,0.6,0.9,0.667,1.3,0.9,0.7
Duje Dukan,1626251,FWN,26,24,10.3,2.4,4.2,1.6,10.7,241.91666666666666,3.6,0.348,6.8,0.348,1.2,1.9,0.615,1.8,0.9,0.3
Duke Mondy,204190,TEX,27,12,8.6,1.2,3.8,7.7,9.4,357.42333333333335,3.5,0.412,2.8,0.429,1.1,1.5,0.733,3.1,1.0,0.0
Durand Scott,1628677,MHU,28,31,11.8,1.2,6.7,3.0,15.3,876.1066666666667,5.9,0.5,3.3,0.363,2.3,2.6,0.875,2.7,1.4,0.2
Dusty Hannahs,1628605,MHU,24,47,12.7,2.8,3.1,3.0,15.6,1006.3766666666667,5.4,0.421,6.4,0.441,2.0,2.3,0.905,1.3,0.9,0.1
Dwayne Bacon,1628407,GBO,22,4,26.2,2.3,6.8,4.0,26.8,142.63333333333333,11.1,0.423,6.3,0.36,2.3,2.5,0.9,2.5,1.5,0.0
Dwight Buycks,202779,GRD,29,10,19.2,2.0,4.3,3.8,22.4,355.955,8.4,0.437,5.7,0.357,3.5,4.5,0.795,3.0,1.0,0.1
Edmond Sumner,1628410,FWN,22,14,13.8,0.8,4.8,5.2,15.3,237.61666666666667,5.5,0.396,3.3,0.227,3.6,5.5,0.667,3.6,2.3,0.9
Edy Tavares,204002,RAP,26,1,8.8,0.0,12.0,0.0,14.2,32.9,6.6,0.75,0.0,0.0,1.1,2.2,0.5,2.2,0.0,3.3
Elijah Millsap,202407,IWA,30,45,14.1,2.1,6.5,2.8,18.4,1338.455,5.6,0.396,5.5,0.376,5.1,6.5,0.782,2.5,1.7,0.8
Emeka Okafor,2731,DEL,35,26,8.5,0.0,14.6,2.5,12.4,517.8283333333334,5.1,0.607,0.0,0.0,2.1,3.0,0.698,2.9,0.8,1.9
Eric Griffin,203547,SLC,28,19,13.9,1.9,5.9,1.0,19.7,599.71,6.5,0.466,5.4,0.344,4.9,5.8,0.845,3.5,0.8,1.9
Eric Stuteville,1628548,NAS,23,43,10.0,0.0,6.7,1.4,14.3,553.8466666666667,5.2,0.519,0.0,0.0,3.9,5.1,0.769,2.3,0.5,0.7
Erik McCree,1628571,SLC,24,35,16.5,2.3,5.7,2.0,19.9,1131.9116666666666,7.0,0.426,5.9,0.384,3.6,4.9,0.734,2.8,1.0,0.6
Eron Harris,1628854,WIS,24,12,7.8,2.6,3.5,2.2,11.7,82.72666666666667,2.6,0.333,4.4,0.6,3.9,4.4,0.9,3.0,1.3,0.0
Fuquan Edwin,204083,RAP,26,35,13.5,2.7,4.8,2.6,16.7,771.1433333333333,5.9,0.438,7.1,0.373,2.2,2.9,0.746,2.1,2.7,0.5
Furkan Korkmaz,1627788,DEL,20,9,17.4,1.8,5.9,3.5,17.4,287.2266666666667,6.1,0.353,9.0,0.194,3.4,4.3,0.794,2.4,1.4,0.6
Gary Payton II,1627780,SBL,25,20,18.4,1.2,7.8,5.8,21.6,580.5783333333334,8.6,0.47,4.8,0.244,3.2,4.4,0.718,4.2,2.5,0.7
George de Paula,1628437,RGV,22,10,5.4,2.3,0.8,3.8,10.8,46.8,3.1,0.571,3.1,0.75,2.3,3.1,0.75,8.5,0.0,0.0
Georges Niang,1627777,SLC,24,41,14.6,2.3,7.1,4.6,20.9,1390.42,8.3,0.57,5.1,0.457,1.9,2.2,0.871,3.3,1.1,0.4
Georgios Papagiannis,1627834,RNO,20,10,15.3,0.0,12.6,1.2,18.0,270.6116666666667,8.0,0.522,0.1,0.0,2.0,2.5,0.789,3.3,0.5,2.0
Gerald Beverly,1627896,CTN,24,42,11.2,0.1,9.8,1.0,15.8,691.4316666666666,6.2,0.558,0.4,0.286,3.2,4.3,0.744,1.2,1.2,2.3
Geron Johnson,204080,SXF,25,2,12.8,0.0,4.3,4.3,19.9,25.31833333333333,8.5,0.667,0.0,0.0,2.8,2.8,1.0,1.4,4.3,0.0
Gian Clavell,1628492,TEX,24,1,21.8,5.9,5.9,2.0,28.7,36.38333333333333,10.9,0.5,12.9,0.462,1.0,4.0,0.25,1.0,0.0,0.0
Glenn Robinson III,203922,FWN,24,2,15.4,0.6,4.1,3.6,13.0,60.833333333333336,4.7,0.308,3.6,0.167,3.0,3.0,1.0,2.4,0.6,0.0
Gracin Bakumanya,1627836,WIS,20,4,11.4,0.0,8.4,1.2,13.7,60.22666666666667,6.0,0.526,0.0,0.0,1.8,2.4,0.75,4.2,2.4,0.0
Grant Jerrett,203511,CTN,24,16,14.7,2.2,8.1,2.8,18.3,530.2966666666666,7.0,0.475,5.6,0.386,2.1,2.4,0.861,1.4,1.4,1.6
Guerschon Yabusele,1627824,MNE,22,14,15.2,2.3,8.1,2.8,20.6,495.6716666666667,7.4,0.488,6.4,0.364,3.5,4.4,0.8,3.3,1.2,1.9
Henry Ellenson,1627740,GRD,21,2,16.6,3.1,8.3,0.9,25.7,82.51666666666667,7.0,0.421,7.9,0.389,8.7,10.9,0.8,3.5,0.4,0.4
Ian Baker,1628573,SBL,25,9,12.8,2.2,4.4,5.0,12.2,64.825,3.9,0.304,5.6,0.4,2.2,2.8,0.8,5.0,1.1,0.0
Ike Anigbogu,1628387,FWN,19,20,10.5,0.0,9.5,1.5,12.8,490.5366666666667,5.4,0.517,0.1,0.0,1.9,2.7,0.703,1.8,0.4,2.6
Ike Iroegbu,1628528,ACC,23,50,14.9,0.8,5.9,5.7,17.8,1236.3266666666666,6.1,0.413,3.2,0.266,4.7,6.6,0.705,3.5,1.1,0.2
Ike Nwamu,1628095,SXF,24,47,14.4,3.7,4.0,2.8,17.6,1397.6616666666666,6.1,0.423,10.1,0.366,1.8,2.1,0.829,2.3,1.2,0.3
Isaac Hamilton,1628554,CTN,24,42,13.9,2.0,5.3,2.5,15.0,740.1333333333333,5.8,0.416,6.0,0.331,1.5,1.8,0.833,1.9,1.3,0.3
Isaiah Canaan,203477,NAS,27,1,13.0,4.3,4.3,8.7,26.0,24.9,8.7,0.667,5.8,0.75,4.3,5.8,0.75,7.2,0.0,1.4
Isaiah Cousins,1627766,SLC,24,36,16.4,2.3,4.9,5.9,17.9,953.9116666666666,7.0,0.429,5.7,0.401,1.5,2.0,0.741,3.1,1.8,0.4
Isaiah Hartenstein,1628392,RGV,20,38,12.2,0.6,12.8,2.1,18.2,710.6166666666667,6.9,0.564,1.8,0.343,3.9,5.6,0.685,2.8,0.9,2.1
Isaiah Hicks,1628439,WES,23,37,12.9,0.1,9.7,1.8,19.0,1093.0016666666668,7.4,0.575,0.3,0.333,4.1,5.0,0.809,2.5,1.0,2.5
Isaiah Taylor,1627819,ERI,23,4,17.5,1.0,2.9,10.7,22.2,137.78333333333333,8.6,0.493,2.4,0.444,3.9,5.0,0.789,4.4,0.8,0.0
Isaiah Whitehead,1627785,LIN,23,30,22.7,2.6,4.7,4.5,28.1,859.5733333333334,10.2,0.449,7.2,0.36,5.0,5.9,0.845,4.3,1.4,0.4
Ishmael Hollis,1627908,SXF,26,3,20.5,4.1,12.3,4.1,16.4,17.533333333333335,6.2,0.3,16.4,0.25,0.0,0.0,0.0,0.0,2.1,0.0
Ivan Rabb,1628397,MHU,21,18,13.8,0.4,12.2,2.7,19.6,502.23,7.8,0.565,0.7,0.5,3.7,4.9,0.75,2.2,1.1,2.2
Ivica Zubac,1627826,SBL,21,14,18.8,0.1,11.0,2.1,26.1,418.57166666666666,11.4,0.607,0.5,0.167,3.2,3.7,0.86,2.8,0.6,2.6
J.J. Avila,1627938,TEX,26,50,10.8,1.3,10.1,3.5,12.8,924.1116666666667,4.8,0.444,4.4,0.295,1.9,2.3,0.845,1.6,1.4,0.4
J.J. Frazier,1628857,MHU,22,14,14.3,1.8,6.2,5.9,15.1,316.995,5.8,0.405,5.6,0.327,1.7,1.8,0.938,2.2,1.1,0.0
JJ Moore,1628052,LIN,27,46,13.8,1.6,4.0,1.4,16.4,739.0333333333333,5.6,0.405,5.7,0.28,3.6,4.6,0.777,1.4,1.2,0.2
JJ O'Brien,1626266,ACC,26,39,12.5,1.2,4.9,3.3,16.3,1370.3516666666667,6.1,0.484,3.5,0.351,3.0,3.5,0.843,1.7,1.3,0.3
JaCorey Williams,1628580,CTN,23,50,14.0,0.1,8.9,1.9,18.4,1524.5983333333334,7.6,0.546,0.4,0.267,3.0,5.0,0.614,3.1,1.0,0.7
JaKarr Sampson,203960,RNO,25,35,17.9,0.5,8.9,1.1,22.5,1003.1633333333333,9.1,0.508,1.6,0.289,3.8,5.0,0.77,2.2,1.4,1.1
Jabari Bird,1628444,MNE,23,20,15.3,1.9,5.8,2.7,19.7,703.2616666666667,7.9,0.518,6.0,0.325,1.9,3.2,0.597,2.3,1.4,0.5
Jabari Brown,203913,SCW,25,9,17.4,3.3,2.4,2.9,20.4,250.36666666666667,7.6,0.438,9.5,0.348,1.9,2.6,0.722,3.3,1.2,0.0
Jack Cooley,204022,RNO,27,39,16.4,0.0,12.9,1.4,23.2,1074.0833333333333,9.2,0.561,0.1,0.25,4.8,6.7,0.714,2.1,1.4,0.7
Jacob Pullen,1626643,DEL,28,14,17.8,2.6,2.4,5.7,19.9,398.12833333333333,7.1,0.401,8.5,0.309,3.0,3.5,0.846,3.2,1.3,0.2
Jacob Wiley,1628451,LIN,23,16,11.8,1.4,6.3,2.0,13.6,328.87833333333333,5.6,0.472,3.8,0.371,1.0,1.3,0.75,2.7,0.5,0.7
Jalen Bradley,1628616,SXF,24,33,9.5,1.3,4.5,5.0,11.8,438.01166666666666,4.3,0.452,3.8,0.348,1.9,2.1,0.885,2.1,0.8,0.2
Jalen Jones,1627883,TEX,25,32,16.3,1.4,8.1,2.7,22.4,1004.9133333333333,7.6,0.465,5.2,0.276,5.8,7.5,0.784,2.8,0.8,0.5
Jameel Warney,1627866,TEX,24,42,16.8,0.5,9.8,3.0,20.3,1477.855,8.9,0.528,1.9,0.286,2.1,3.2,0.654,1.9,1.2,1.2
Jamel Artis,1628503,LAK,25,46,15.3,1.9,5.6,2.4,18.7,1726.6916666666666,7.1,0.462,5.5,0.34,2.7,3.4,0.79,2.3,1.2,0.4
Jamel Morris,1628630,GRD,25,50,16.4,2.6,4.0,2.9,18.4,1245.34,6.8,0.411,6.7,0.392,2.3,2.8,0.813,2.5,1.1,0.1
James Blackmon Jr.,1628511,WIS,23,47,13.1,2.7,4.7,2.7,18.2,1338.1816666666666,6.0,0.457,6.7,0.406,3.4,4.0,0.853,1.8,0.7,0.1
James Michael McAdoo,203949,ACC,25,18,10.9,0.6,8.2,2.9,13.0,507.9433333333333,4.5,0.416,2.1,0.267,3.3,4.6,0.723,2.3,1.8,2.1
James Southerland,203480,SBL,28,48,11.9,2.3,7.1,2.1,14.3,1346.4966666666667,5.6,0.471,5.9,0.392,0.8,1.0,0.744,1.4,0.7,1.0
James Webb III,1627821,LIN,24,40,12.5,3.2,8.3,1.8,16.1,1147.3433333333332,5.1,0.413,8.6,0.371,2.6,3.4,0.785,1.7,1.5,0.7
James Young,203923,DEL,22,39,16.7,3.3,5.6,3.0,22.6,1291.2533333333333,7.1,0.424,9.5,0.351,5.1,6.2,0.813,2.3,1.6,0.5
Jamil Wilson,203966,FWN,27,26,11.8,2.2,5.3,3.5,14.4,750.67,5.3,0.445,6.0,0.36,1.7,2.6,0.648,2.3,1.0,0.6
Jared Brownridge,1628876,DEL,23,2,9.9,4.1,0.8,0.0,14.0,43.81666666666667,4.9,0.5,8.2,0.5,0.0,0.0,0.0,0.8,0.8,0.0
Jarell Eddie,204067,WCB,26,28,12.3,3.5,5.4,1.8,17.2,1022.57,5.5,0.443,8.0,0.438,2.8,3.0,0.919,1.7,1.0,0.4
Jarell Martin,1626185,MHU,24,2,16.8,2.7,6.7,1.3,14.8,53.53333333333333,5.4,0.32,6.7,0.4,1.3,2.0,0.667,5.4,1.3,0.7
Jaron Blossomgame,1628417,AUS,24,50,15.8,0.5,9.9,1.7,20.1,1480.3783333333333,8.6,0.545,1.8,0.301,2.3,2.9,0.785,1.7,1.0,0.6
Jarrod Uthoff,1627784,FWN,25,50,15.1,2.0,9.3,2.8,18.2,1632.1983333333333,7.0,0.461,5.3,0.381,2.2,2.7,0.82,1.5,1.0,1.3
Jarvis Summers,1627299,WIS,25,49,9.0,0.6,4.1,4.1,9.2,1239.2833333333333,3.5,0.389,2.7,0.234,1.5,2.0,0.757,2.2,1.2,0.3
Jarvis Williams,204128,LIN,28,8,9.3,1.3,4.0,1.7,10.6,170.13333333333333,4.0,0.432,3.0,0.429,1.3,1.5,0.857,1.5,0.8,0.0
Javan Felix,1628621,OKL,23,48,12.8,1.8,3.7,4.7,14.4,788.5316666666666,4.9,0.381,4.9,0.364,2.9,3.5,0.829,2.0,1.4,0.1
Jawun Evans,1628393,ACC,21,1,14.2,0.0,5.2,5.2,5.2,27.883333333333333,2.6,0.182,1.3,0.0,0.0,0.0,0.0,2.6,1.3,0.0
Jay Wright,1628547,LAK,23,34,12.8,1.0,4.7,3.3,13.9,323.855,5.3,0.417,3.7,0.273,2.2,3.8,0.588,1.4,2.4,0.3
Jaylen Johnson,1628575,WCB,21,50,12.7,1.0,9.4,3.7,14.4,1444.38,5.8,0.454,3.5,0.298,1.8,3.0,0.59,2.5,0.8,1.1
Jaylen Morris,1628537,ERI,22,39,11.2,0.8,5.5,2.9,14.5,1223.9166666666667,5.8,0.52,2.8,0.287,2.1,3.1,0.673,1.7,1.4,0.7
Je'Lon Hornbeak,1628599,FWN,24,32,9.8,2.4,2.9,1.6,10.0,312.9583333333333,3.0,0.306,7.6,0.318,1.6,2.3,0.7,1.4,2.0,0.0
JeQuan Lewis,1628461,WIS,23,49,9.6,1.4,3.0,5.9,11.8,1370.1166666666666,4.3,0.452,3.5,0.394,1.8,2.1,0.85,3.6,2.0,0.2
Jeff Ledbetter,1626586,AUS,29,44,13.4,3.4,4.4,5.6,16.7,1061.8466666666666,5.4,0.405,9.4,0.363,2.4,2.7,0.888,3.3,2.3,0.1
Jeremy Evans,202379,ERI,30,39,11.3,0.9,11.7,1.5,18.0,1195.4333333333334,7.0,0.618,2.8,0.312,3.2,4.1,0.774,1.9,1.1,1.6
Jeremy Hollowell,1628526,ERI,24,49,12.4,1.6,6.4,2.3,14.4,1059.3183333333334,5.6,0.451,4.9,0.336,1.5,2.4,0.643,2.4,1.0,0.9
Jeremy Morgan,1628456,MHU,23,32,10.3,2.1,5.3,2.8,11.3,798.1483333333333,4.2,0.408,6.7,0.318,0.8,1.0,0.818,1.2,1.5,0.9
Jeremy Pargo,202951,SCW,32,12,15.0,2.0,2.7,10.8,16.7,416.31,6.7,0.445,5.1,0.39,1.4,2.0,0.696,3.6,0.8,0.3
Jeremy Senglin,1628496,LIN,23,48,15.9,3.4,3.7,3.7,20.0,1246.255,6.7,0.421,9.4,0.356,3.3,4.0,0.826,2.2,1.3,0.3
Jermaine Taylor,201966,SLC,31,19,16.3,2.5,4.0,2.1,17.8,482.455,6.6,0.402,7.6,0.324,2.2,2.8,0.789,2.0,1.8,0.3
Jerome Frink,1628557,WCB,24,4,13.4,0.7,5.6,1.4,13.4,51.038333333333334,5.6,0.421,2.1,0.333,1.4,2.1,0.667,0.7,0.0,1.4
Jerome Seagears,1628135,MHU,25,5,14.1,1.4,0.0,4.2,18.3,25.52,2.8,0.2,5.6,0.25,11.3,11.3,1.0,2.8,2.8,0.0
Jimmie Taylor,1628754,SXF,22,29,7.0,0.0,9.9,1.6,12.6,575.825,4.6,0.661,0.0,0.0,3.4,5.2,0.651,1.6,0.9,3.1
Joakim Noah,201149,WES,33,1,7.8,0.0,7.8,6.3,14.1,22.983333333333334,6.3,0.8,0.0,0.0,1.6,1.6,1.0,6.3,1.6,1.6
Joel Bolomboy,1627762,WIS,24,30,12.9,0.5,10.4,1.4,17.7,996.57,7.2,0.556,1.7,0.319,2.9,3.6,0.8,1.9,0.8,0.7
John Dawson,1628617,GBO,23,37,9.8,2.5,4.3,2.5,10.4,548.4333333333333,3.9,0.393,6.8,0.365,0.2,0.2,1.0,1.5,1.4,0.5
John Gillon,1628552,ERI,24,33,12.9,1.8,2.8,7.3,18.3,583.7616666666667,5.8,0.45,5.2,0.341,4.9,6.1,0.808,4.0,1.4,0.2
John Holland,204066,CTN,29,23,16.4,3.2,4.1,3.1,19.8,787.0366666666666,6.9,0.419,8.7,0.361,2.9,3.8,0.759,2.6,1.7,0.3
John Petrucelli,204181,LAK,25,43,10.9,0.6,7.0,2.1,14.2,900.1,5.2,0.478,2.3,0.263,3.2,3.8,0.84,2.3,2.2,0.8
Johnathan Motley,1628405,TEX,23,34,17.4,0.5,10.7,2.3,24.6,1103.9433333333334,9.9,0.566,1.6,0.28,4.4,6.3,0.698,2.6,1.1,1.2
Jon Horford,1626281,GRD,26,34,7.0,0.2,13.4,2.6,8.8,611.0983333333334,3.6,0.513,1.1,0.167,1.4,2.0,0.706,2.1,0.9,1.1
Jon Octeus,1627218,WCB,26,6,11.6,1.2,6.1,4.9,17.9,118.415,6.4,0.553,2.7,0.444,4.0,4.6,0.867,1.5,2.4,0.3
Jonathan Holmes,1626182,MNE,25,11,9.5,1.6,10.8,1.7,10.6,272.865,3.4,0.361,6.1,0.261,2.1,2.5,0.842,2.5,1.3,1.2
Jonathan Isaac,1628371,LAK,20,2,14.6,0.0,6.7,1.1,15.7,32.153333333333336,5.6,0.385,3.4,0.0,4.5,7.8,0.571,9.0,3.4,2.2
Jordan Bell,1628395,SCW,23,1,11.5,0.0,7.7,6.4,17.9,28.196666666666665,8.9,0.778,0.0,0.0,0.0,0.0,0.0,2.6,1.3,1.3
Jordan Downing,1627306,TEX,26,32,15.0,3.5,4.7,1.5,17.9,349.84166666666664,6.7,0.445,7.9,0.442,1.0,1.6,0.625,1.0,0.9,0.0
Jordan Green,1626999,AUS,25,34,7.9,0.6,3.8,2.7,10.5,488.84833333333336,3.5,0.439,2.0,0.296,3.0,3.8,0.788,2.1,1.6,0.6
Jordan Henriquez,203542,WES,28,37,12.3,0.0,12.0,1.1,14.4,378.99833333333333,6.1,0.492,0.1,0.0,2.3,5.2,0.436,2.8,1.1,2.1
Jordan Mathews,1628535,ERI,23,48,13.8,2.4,3.8,2.1,15.5,980.2433333333333,5.3,0.382,7.5,0.317,2.5,3.6,0.704,1.7,1.3,0.1
Jordon Crawford,1627289,MHU,27,27,13.8,1.9,2.8,6.8,17.1,504.39,6.9,0.5,4.1,0.474,1.4,1.8,0.76,3.5,2.1,0.3
Josh Adeyeye,1628638,MNE,25,41,9.7,2.4,5.7,1.3,10.5,713.2116666666667,3.7,0.383,7.2,0.338,0.6,0.8,0.75,1.1,0.4,0.2
Josh Gray,1627982,NAS,24,45,16.8,2.8,5.1,7.0,20.5,1529.5216666666668,7.6,0.454,6.9,0.407,2.4,3.2,0.759,3.1,2.5,0.1
Josh Hagins,1628237,RNO,24,42,13.3,2.1,5.8,7.1,15.5,814.615,5.9,0.445,5.2,0.398,1.5,1.9,0.833,1.5,2.0,0.4
Josh Hart,1628404,SBL,23,2,18.5,2.2,6.2,2.2,19.7,64.06333333333333,7.9,0.424,8.4,0.267,1.7,4.5,0.375,0.6,1.7,0.6
Josh Magette,203705,ERI,28,36,14.1,1.8,3.4,10.6,15.7,1252.265,5.3,0.374,5.9,0.301,3.3,4.1,0.804,3.3,2.0,0.1
Joshua Blamon,1628563,WIS,24,3,12.8,0.0,3.6,1.8,9.1,39.465,3.6,0.286,7.3,0.0,1.8,2.7,0.667,1.8,0.9,0.0
Julian Jacobs,1627829,DEL,23,18,7.6,0.3,4.6,4.8,7.6,323.55,2.9,0.382,1.8,0.188,1.4,1.7,0.867,4.3,2.2,0.4
Julian Washburn,1627395,AUS,26,50,6.6,1.5,4.7,2.1,7.5,1211.505,2.9,0.43,3.9,0.374,0.3,0.4,0.833,1.1,1.6,0.5
Julien Lewis,1628023,RGV,25,43,13.8,1.9,5.1,2.4,16.7,860.4633333333334,6.4,0.465,6.3,0.3,2.0,2.7,0.734,1.8,1.8,0.3
Julyan Stone,202933,GBO,29,5,10.4,1.3,6.9,9.2,8.9,141.48,3.1,0.293,5.3,0.238,1.5,2.5,0.6,2.8,2.0,0.5
Justin Dentmon,202458,TEX,32,24,19.1,4.0,3.5,4.2,27.3,892.7383333333333,8.5,0.445,10.5,0.379,6.3,7.5,0.838,2.4,2.3,0.0
Justin Jackson,1628382,RNO,23,6,16.5,1.8,6.5,2.3,18.8,204.67833333333334,7.0,0.426,4.9,0.357,3.0,3.0,1.0,2.6,1.6,0.2
Justin Leon,1628618,OKL,22,48,11.6,3.1,7.1,0.8,13.9,1040.47,4.5,0.389,8.6,0.356,1.8,2.2,0.841,1.0,1.0,0.3
Justin Patton,1628383,IWA,20,38,17.2,0.6,8.6,2.5,19.7,879.5766666666667,8.1,0.473,2.0,0.306,2.8,3.6,0.764,3.4,1.6,2.2
KJ McDaniels,203909,GRD,25,31,16.8,1.6,9.4,1.4,21.3,850.1866666666666,8.1,0.482,5.3,0.306,3.5,4.6,0.761,2.0,1.6,1.8
Kadeem Allen,1628443,MNE,25,34,15.7,1.3,5.8,5.2,18.5,1172.7616666666668,7.0,0.446,4.3,0.3,3.2,4.4,0.732,2.5,2.3,0.7
Kadeem Jack,1627292,SXF,25,45,12.5,0.0,11.0,1.7,18.5,1049.6083333333333,7.6,0.612,0.1,0.0,3.2,4.8,0.667,2.4,1.4,1.7
Kamari Murphy,1628768,LIN,24,50,10.8,0.7,8.5,2.2,11.8,1569.66,4.7,0.431,2.6,0.281,1.8,2.5,0.706,2.1,1.1,1.1
Karrington Ward,1627226,WCB,25,38,9.8,2.0,6.8,0.9,11.6,729.4083333333333,4.1,0.419,5.6,0.354,1.4,1.7,0.829,1.3,1.5,1.1
Kay Felder,1627770,GRD,23,20,17.9,1.7,4.7,7.0,20.1,600.3833333333333,7.3,0.409,5.3,0.318,3.8,4.3,0.887,4.3,2.2,0.5
Kaza Keane,1628672,RAP,24,43,11.6,1.0,4.2,8.3,11.9,850.0383333333333,4.4,0.376,4.0,0.245,2.2,2.8,0.815,3.2,1.7,0.0
Keith Hornsby,1627867,TEX,26,32,13.0,1.9,4.5,2.4,15.0,782.75,5.8,0.447,5.1,0.369,1.5,1.9,0.786,1.1,1.7,0.0
Keith Steffeck,1627316,ACC,29,46,9.1,1.9,5.4,2.8,9.7,745.72,3.3,0.365,6.2,0.31,1.1,1.3,0.846,2.9,0.9,0.7
Kendal Yancy,1628729,AUS,23,2,16.0,0.0,10.7,2.7,10.7,13.466666666666667,2.7,0.167,8.0,0.0,5.3,10.7,0.5,0.0,5.3,0.0
Kendall Gray,1627660,LIN,26,44,7.8,0.3,11.5,1.2,12.3,588.1533333333333,4.6,0.586,0.8,0.385,2.8,5.3,0.535,1.8,0.7,3.2
Kendall Marshall,203088,ACC,26,3,10.1,1.7,3.4,7.6,10.1,42.71666666666667,4.2,0.417,2.5,0.667,0.0,0.0,0.0,10.1,0.8,0.0
Kendall Pollard,1628541,SLC,23,13,11.8,0.0,7.1,1.8,10.8,183.41,4.3,0.367,0.8,0.0,2.2,3.5,0.611,2.6,2.2,0.8
Kendrick Perkins,2570,CTN,33,27,10.9,0.0,12.1,3.3,14.7,572.8266666666667,5.8,0.532,0.0,0.0,3.1,5.0,0.633,3.5,1.0,0.9
Kennedy Meeks,1628452,RAP,23,45,14.6,0.0,12.4,2.1,16.7,1245.61,7.4,0.504,0.5,0.056,1.9,2.5,0.761,1.9,1.3,1.2
Kenneth Smith,1627589,GRD,25,49,8.6,0.9,5.1,10.0,10.2,1391.1516666666666,3.5,0.407,3.3,0.273,2.3,3.0,0.759,3.5,2.0,0.1
Kethan Savage,1628565,RAP,24,31,9.5,0.4,4.1,4.9,8.3,452.85333333333335,3.1,0.325,2.2,0.179,1.7,2.5,0.71,2.8,1.4,0.8
Kevin Foster,203751,IWA,29,23,12.3,2.8,7.4,0.9,14.6,204.56,4.9,0.4,6.5,0.432,1.9,2.5,0.786,2.1,0.7,0.9
Kevin Hardy,1628667,RGV,25,31,5.9,0.0,5.4,5.6,6.4,362.79333333333335,3.0,0.508,0.4,0.0,0.4,1.0,0.4,2.5,3.5,1.0
Kevin Olekaibe,204103,CTN,25,40,12.9,2.6,5.5,1.9,14.3,925.855,5.1,0.396,7.6,0.338,1.5,2.1,0.736,1.1,2.0,0.3
Kevin Young,1627290,SCW,27,4,11.0,0.7,12.4,3.5,16.3,101.85,7.4,0.677,1.1,0.667,0.7,1.8,0.4,2.8,2.5,2.1
Khem Birch,203920,LAK,25,21,10.6,0.0,10.9,3.2,15.9,669.0416666666666,6.3,0.599,0.0,0.0,3.2,4.0,0.787,2.4,1.5,2.8
Kobi Simmons,1628424,MHU,20,26,14.3,1.3,3.2,4.7,17.6,803.215,6.2,0.436,3.7,0.361,3.8,5.0,0.766,3.0,1.2,0.3
Kris Jenkins,1628711,SXF,24,6,13.8,3.9,5.6,2.2,13.4,83.29,3.9,0.281,13.0,0.3,1.7,1.7,1.0,3.0,0.4,0.0
Kuran Iverson,1628663,MHU,22,35,10.8,0.5,6.8,2.7,10.7,394.31666666666666,4.6,0.424,3.0,0.182,1.0,2.5,0.407,1.6,0.5,1.2
Kyle Casey,1626271,WIS,27,47,9.6,1.0,7.2,3.0,11.6,1132.9466666666667,4.2,0.442,2.6,0.361,2.2,2.6,0.864,2.3,1.0,1.2
Kyle Collinsworth,1627858,TEX,26,20,9.2,0.7,8.9,5.5,11.1,712.5366666666666,4.4,0.478,2.1,0.317,1.6,2.9,0.552,2.7,1.8,0.3
Kyle Davis,1628666,RGV,23,16,8.7,0.8,5.6,6.3,10.3,302.64666666666665,4.0,0.466,3.3,0.25,1.4,2.4,0.6,2.1,2.7,0.7
Kyle Randall,203684,DEL,26,37,9.0,0.5,3.0,5.6,9.3,494.1716666666667,3.6,0.395,2.4,0.212,1.7,2.3,0.742,2.0,1.0,0.1
L.G. Gill,1628671,GBO,23,50,7.8,0.0,7.6,0.8,11.7,1008.2233333333334,4.5,0.583,0.1,0.333,2.6,3.5,0.745,1.5,0.3,0.8
L.J. Peak,1628433,MNE,22,46,11.4,1.3,3.6,4.0,13.7,1442.1266666666668,4.8,0.426,4.7,0.287,2.7,3.4,0.794,2.7,1.0,0.6
L.J. Rose,1628615,SLC,24,17,7.1,1.5,3.5,7.9,8.5,173.325,2.9,0.412,3.7,0.389,1.2,1.5,0.857,3.1,1.7,0.0
LaDontae Henton,1628176,ACC,26,49,14.2,2.3,5.2,1.7,16.6,1656.7683333333334,5.5,0.384,7.1,0.332,3.3,3.9,0.86,1.5,1.1,0.5
LaQuinton Ross,203941,TEX,26,2,16.7,0.0,8.4,0.0,0.0,8.616666666666667,0.0,0.0,4.2,0.0,0.0,0.0,0.0,0.0,4.2,0.0
Lamond Murray Jr.,1628870,MNE,23,7,13.2,1.3,7.5,0.0,12.6,57.23166666666667,5.7,0.429,3.1,0.4,0.0,0.0,0.0,1.9,0.6,0.6
Landry Nnoko,1628477,GRD,24,49,10.7,0.0,12.8,2.3,16.3,1593.9883333333332,6.2,0.579,0.0,0.0,3.9,5.3,0.744,2.8,0.7,2.3
Larry Drew II,203580,SXF,28,35,12.1,2.3,5.4,8.8,13.7,1076.2533333333333,5.3,0.434,5.9,0.395,0.8,1.2,0.694,3.0,1.5,0.1
Lavoy Allen,202730,NAS,29,10,11.3,0.0,10.6,4.1,15.2,213.32,6.6,0.582,0.0,0.0,2.0,2.5,0.8,2.0,1.2,1.9
Leron Barnes,1628757,MNE,24,1,0.0,0.0,0.0,0.0,0.0,1.9333333333333333,0.0,0.0,0.0,0.0,0.0,0.0,0.0,0.0,0.0,0.0
Livio Jean-Charles,203520,AUS,24,45,14.7,0.1,9.6,2.1,19.1,954.69,8.3,0.563,0.4,0.2,2.5,3.3,0.747,2.2,0.9,1.1
London Perrantes,1628506,CTN,23,35,10.4,1.5,3.3,7.7,11.7,1278.58,3.9,0.378,5.0,0.307,2.3,2.7,0.835,2.9,1.2,0.0
Lorenzo Brown,203485,RAP,27,32,16.8,1.2,5.6,9.6,20.3,1063.98,7.9,0.468,3.6,0.33,3.3,4.2,0.792,3.9,1.9,0.2
Luis Montero,1626242,RNO,25,33,11.1,1.2,8.7,3.0,13.2,948.57,4.4,0.397,4.1,0.299,3.2,4.0,0.79,2.4,1.8,0.9
Luke Kennard,1628379,GRD,21,1,11.8,1.8,3.6,2.7,23.6,39.63333333333333,6.4,0.538,3.6,0.5,9.1,10.0,0.909,1.8,3.6,0.0
Luke Kornet,1628436,WES,22,36,13.6,2.8,6.9,2.8,17.9,1166.0833333333333,6.7,0.489,6.4,0.438,1.7,2.1,0.812,1.7,0.8,1.8
Luke Petrasek,1628517,GBO,22,50,10.0,2.2,7.5,2.3,10.5,1099.7366666666667,3.9,0.388,6.1,0.353,0.6,0.6,0.895,1.6,1.3,1.2
Maksym Pustozvonov,1628675,CTN,31,20,8.5,1.2,4.7,0.9,8.2,237.07833333333335,2.9,0.339,4.9,0.25,1.2,1.4,0.889,1.8,1.4,0.5
Malachi Richardson,1627781,RAP,22,18,13.6,1.9,6.0,2.5,13.4,425.26,4.5,0.329,6.1,0.306,2.5,3.0,0.857,2.6,1.9,0.2
Malcolm Bernard,1628731,GRD,24,17,9.7,0.7,7.3,1.2,6.9,267.5283333333333,2.7,0.278,3.1,0.217,0.8,1.2,0.667,2.7,2.0,0.3
Malcolm Miller,1626259,RAP,25,34,11.9,2.8,6.6,2.1,16.2,947.4016666666666,5.2,0.436,7.5,0.374,3.0,3.8,0.798,1.7,1.0,0.6
Malik Dime,1628660,NAS,25,7,1.2,0.0,7.2,1.2,1.2,29.8,0.0,0.0,0.0,0.0,1.2,2.4,0.5,4.8,0.0,2.4
Malik Monk,1628370,GBO,20,1,23.6,6.1,7.0,3.5,21.9,41.13333333333333,7.9,0.333,18.4,0.333,0.0,0.0,0.0,2.6,0.9,0.0
Mangok Mathiang,1628493,GBO,25,43,12.5,0.0,13.1,1.5,15.4,1088.6483333333333,6.3,0.509,0.0,0.0,2.7,4.2,0.643,2.6,1.0,2.0
Marc Loving,1628533,DEL,23,29,10.8,3.0,5.4,2.2,12.5,509.62166666666667,4.0,0.373,8.0,0.372,1.5,1.9,0.778,2.0,0.6,0.7
Marcus Georges-Hunt,1627875,IWA,24,1,14.6,1.8,3.6,0.0,30.9,39.56666666666667,9.1,0.625,3.6,0.5,10.9,10.9,1.0,0.9,2.7,0.9
Marcus Paige,1627779,GBO,24,46,13.5,2.8,3.3,5.0,16.8,1498.865,5.8,0.427,7.5,0.374,2.4,2.8,0.847,2.8,1.6,0.3
Marcus Simmons,204136,GRD,30,25,7.2,0.9,4.1,1.1,9.0,477.87333333333333,3.0,0.417,2.0,0.444,2.0,2.7,0.75,1.4,1.4,0.4
Marcus Thornton,1626194,CTN,25,49,16.3,3.4,2.9,3.4,18.8,1764.5483333333334,6.8,0.416,8.8,0.388,1.8,2.3,0.774,2.2,0.7,0.1
Marcus Thornton,201977,GRD,30,15,21.2,3.9,4.3,1.8,27.6,369.29833333333335,10.6,0.502,9.9,0.392,2.4,2.9,0.833,2.6,2.4,0.1
Marcus Williams,200766,RNO,32,49,14.6,2.4,3.9,9.3,14.5,1305.3566666666666,5.5,0.374,6.5,0.371,1.2,1.5,0.768,3.0,1.2,0.1
Mark Tyndale,201872,MHU,32,10,4.6,0.0,10.7,5.5,4.8,164.34833333333333,1.8,0.381,0.9,0.0,1.3,2.2,0.6,1.5,1.5,1.1
Markel Brown,203900,RGV,26,31,14.8,3.0,5.0,3.2,19.0,988.62,6.6,0.447,8.4,0.355,2.7,3.5,0.789,1.9,1.5,0.4
Marquis Teague,203104,MHU,25,47,16.4,1.5,3.8,6.9,19.5,1525.54,7.5,0.457,3.5,0.427,3.0,3.9,0.782,2.5,1.0,0.2
Marquise Moore,1628536,IWA,23,40,9.1,0.0,5.7,2.7,9.5,758.9233333333333,4.1,0.455,0.4,0.0,1.3,1.9,0.675,1.1,0.8,1.0
Marshall Plumlee,1627850,WIS,25,40,8.5,0.0,10.6,2.1,12.9,1075.785,4.8,0.565,0.1,0.0,3.3,4.8,0.681,2.8,0.6,1.3
Marvin Singleton Jr.,1628634,IWA,25,5,7.6,1.5,3.8,0.8,6.4,95.05,1.9,0.25,6.1,0.25,1.1,1.5,0.75,1.5,0.8,0.4
Matt Costello,1627856,AUS,24,30,10.3,0.8,11.3,3.2,13.2,659.6733333333333,5.2,0.508,2.2,0.366,1.9,2.3,0.791,2.3,1.2,3.5
Matt Jones,1628512,RNO,23,50,11.1,1.5,4.7,1.6,12.4,1478.9066666666668,4.6,0.413,4.9,0.305,1.8,2.2,0.783,1.2,1.6,0.2
Matt Williams Jr.,1628475,SXF,24,43,12.7,4.0,3.8,1.3,14.3,1102.7733333333333,4.9,0.388,10.4,0.389,0.4,0.5,0.786,1.8,0.6,0.1
Maverick Rowan,1628777,LAK,21,37,13.1,2.9,5.0,1.6,14.5,490.7416666666667,4.9,0.376,8.2,0.348,1.8,2.4,0.727,2.5,1.3,0.4
Max Hooper,1628074,WES,23,1,0.0,0.0,0.0,0.0,0.0,0.8283333333333334,0.0,0.0,0.0,0.0,0.0,0.0,0.0,0.0,0.0,0.0
Melo Trimble,1628453,IWA,23,48,14.1,1.6,3.8,5.8,17.4,1601.58,6.2,0.438,4.7,0.348,3.4,3.9,0.874,3.4,1.1,0.2
Michael Bethea Jr.,1628609,RNO,23,30,13.5,2.8,6.7,1.1,14.5,369.40166666666664,4.7,0.345,8.1,0.349,2.3,3.1,0.75,1.2,1.0,0.3
Michael Bryson,1628164,IWA,23,47,9.2,2.2,3.9,1.5,12.5,1104.4,4.4,0.477,5.3,0.426,1.5,1.8,0.821,2.0,1.0,1.1
Michael Carrera,1628856,OKL,25,11,11.3,2.3,7.9,1.2,13.5,204.745,4.6,0.406,5.5,0.419,2.1,2.6,0.8,1.1,2.6,1.1
Michael Dunigan,203195,WIS,28,22,11.1,0.0,7.8,1.5,14.4,445.64666666666665,5.0,0.453,0.0,0.0,4.4,5.8,0.75,1.9,1.0,1.2
Michael Gbinije,1627771,SCW,25,28,10.3,1.7,3.7,2.4,11.6,767.1016666666667,4.4,0.425,5.6,0.303,1.2,1.7,0.694,1.3,1.1,0.7
Michael Holyfield,1626261,SBL,25,28,10.9,0.0,17.2,0.7,15.6,319.31333333333333,5.1,0.464,0.2,0.0,5.4,7.7,0.706,2.9,0.5,2.4
Michael Orris,1628697,FWN,23,20,5.5,0.1,3.9,7.1,4.5,310.24333333333334,1.7,0.319,0.9,0.125,0.9,1.3,0.727,2.9,0.8,0.5
Michael Qualls,1626180,TEX,24,23,13.6,1.6,8.7,2.1,15.5,440.535,5.1,0.38,5.6,0.275,3.7,5.8,0.634,2.0,1.2,0.8
Mike Cobbins,1627396,OKL,25,49,8.0,0.0,7.1,1.0,12.5,1171.1733333333334,5.4,0.673,0.0,0.0,1.8,3.4,0.518,1.6,0.9,0.8
Mike Muscala,203488,ERI,26,3,16.3,4.8,6.1,2.7,26.5,52.95,9.5,0.583,9.5,0.5,2.7,2.7,1.0,4.1,1.4,2.0
Mike Williams,1056,CTN,26,6,12.1,0.8,4.2,5.4,9.2,86.48333333333333,2.9,0.241,5.4,0.154,2.5,4.6,0.545,1.7,1.2,0.4
Mike Young,1628454,NAS,23,49,14.7,1.2,7.8,2.8,18.1,1183.1033333333332,6.8,0.465,4.5,0.279,3.2,4.1,0.772,2.4,0.6,0.7
Miles Plumlee,203101,ERI,29,2,7.9,0.0,6.8,1.1,6.8,31.783333333333335,3.4,0.429,0.0,0.0,0.0,0.0,0.0,5.7,3.4,2.3
Milton Doyle,1628495,LIN,24,45,18.4,3.3,6.3,4.6,20.9,1591.1116666666667,7.7,0.416,9.0,0.371,2.2,2.9,0.778,3.3,1.6,0.6
Monte Morris,1628420,RGV,22,37,14.9,1.7,4.7,7.0,18.7,1284.1716666666666,7.1,0.473,5.0,0.344,2.8,3.3,0.849,2.0,1.9,0.1
Mustafa Shakur,201203,OKL,33,13,10.1,0.4,4.0,3.6,7.6,189.30666666666667,3.0,0.302,2.7,0.143,1.1,2.3,0.5,2.9,2.1,0.6
Mychal Mulder,1628539,WCB,23,48,9.5,1.9,5.2,1.9,10.8,1484.7866666666666,4.0,0.417,5.8,0.328,0.9,1.4,0.684,0.8,1.3,0.3
Myke Henry,1627988,MHU,25,38,15.1,2.6,6.6,2.8,20.8,1075.9533333333334,7.6,0.501,6.6,0.394,3.1,4.1,0.754,3.0,2.0,0.7
Najeal Young,1628704,SCW,24,28,8.9,0.3,7.3,1.7,8.5,257.65833333333336,3.2,0.359,1.5,0.182,1.8,3.2,0.565,2.7,1.1,0.3
Nate Wolters,203489,SLC,27,13,14.7,1.0,5.8,7.1,15.9,453.35,6.0,0.411,3.6,0.267,2.9,3.3,0.878,2.8,1.0,0.1
Naz Mitrou-Long,1628513,SLC,24,40,14.6,3.5,6.2,4.7,18.5,1399.835,6.2,0.424,9.3,0.377,2.7,3.1,0.86,3.1,1.2,0.1
Negus Webster-Chan,1628017,RAP,25,19,9.1,3.3,6.3,1.6,10.9,250.39,3.7,0.413,7.9,0.418,0.1,0.3,0.5,2.2,0.7,0.3
Nick Johnson,203910,AUS,25,48,12.4,1.9,4.6,4.4,13.5,1503.9,4.4,0.354,5.3,0.359,2.8,3.3,0.839,2.4,1.4,0.3
Nicolas Brussino,1627852,ERI,25,8,11.5,2.1,8.6,5.8,14.4,187.34666666666666,5.4,0.467,5.8,0.367,1.5,1.5,1.0,3.8,2.5,0.6
Nigel Hayes,1628502,RAP,23,43,13.4,2.5,6.4,2.2,15.9,1463.46,5.9,0.442,5.9,0.423,1.6,2.2,0.722,1.9,1.4,0.2
Nnanna Egwu,1626295,GRD,25,1,17.5,0.0,0.0,0.0,17.5,4.116666666666666,8.7,0.5,0.0,0.0,0.0,0.0,0.0,0.0,0.0,0.0
Olivier Hanlan,1626152,AUS,25,44,14.0,1.9,3.3,3.2,17.3,1344.5483333333334,6.4,0.456,5.1,0.368,2.6,3.2,0.802,1.9,0.9,0.1
Omari Johnson,204179,MHU,29,44,17.1,4.0,8.2,2.1,21.4,1226.48,7.9,0.459,9.6,0.417,1.6,2.0,0.824,2.0,0.6,0.8
Ousmane Drame,1627945,WES,26,5,5.7,2.1,7.8,2.9,10.7,50.461666666666666,4.3,0.75,2.1,1.0,0.0,0.0,0.0,1.4,1.4,1.4
PJ Dozier,1628408,OKL,21,43,13.9,1.6,7.1,3.6,16.4,1224.5083333333334,6.4,0.464,4.7,0.338,1.9,3.0,0.653,2.8,1.7,0.3
Patrick McCaw,1627775,SCW,22,2,18.5,1.2,5.5,4.3,17.3,58.416666666666664,6.8,0.367,6.2,0.2,2.5,2.5,1.0,2.5,1.8,0.0
Paul Watson,1628778,WES,23,45,7.2,1.4,4.6,1.3,8.4,1200.2616666666668,3.1,0.427,3.9,0.369,0.8,1.5,0.531,1.4,1.1,0.6
Paul Zipser,1627835,WCB,24,2,12.7,1.9,6.1,3.3,16.9,76.66666666666667,6.1,0.481,5.6,0.333,2.8,2.8,1.0,3.8,0.5,0.9
Perry Jones III,203103,IWA,26,26,14.0,1.5,7.7,2.4,16.4,610.6333333333333,6.4,0.46,4.5,0.325,2.1,2.9,0.72,2.3,1.1,0.9
Peter Jok,1628514,NAS,24,27,10.7,3.4,6.1,2.0,13.6,348.9,4.5,0.423,9.0,0.379,1.1,1.4,0.786,0.9,1.1,0.0
Prince Ibeh,1627813,LIN,23,32,7.5,0.0,9.1,0.7,9.4,368.495,4.3,0.571,0.0,0.0,0.8,3.6,0.216,2.6,1.1,4.5
Prince Williams,1627999,IWA,25,23,9.2,1.3,3.3,2.8,9.5,272.6383333333333,3.7,0.4,4.6,0.286,0.8,1.2,0.667,2.4,1.7,0.5
Princeton Onwas,1628756,WES,24,3,6.6,0.0,6.6,1.3,6.6,27.445,1.3,0.2,2.6,0.0,3.9,5.2,0.75,2.6,1.3,0.0
Quinn Cook,1626188,SCW,25,29,17.6,2.9,4.6,8.1,25.3,1041.9816666666666,9.3,0.527,6.5,0.439,3.9,4.1,0.949,3.8,0.9,0.3
Quinton Chievous,1627899,SCW,25,10,11.4,1.9,4.7,1.7,15.4,151.71166666666667,5.9,0.521,5.2,0.364,1.7,2.4,0.7,2.8,1.7,0.0
RJ Hunter,1626154,RGV,24,45,17.5,4.3,4.0,3.7,23.8,1387.3333333333333,7.8,0.444,11.4,0.377,4.0,5.0,0.803,2.3,1.7,0.5
Rahlir Hollis-Jefferson,204112,NAS,26,48,10.4,1.3,7.8,2.1,14.1,1209.6033333333332,5.0,0.481,3.7,0.352,2.7,3.7,0.74,1.9,2.2,1.5
Raphiael Putney,204192,ERI,28,46,16.4,2.6,10.2,2.2,20.4,1326.7216666666666,7.5,0.455,7.7,0.338,2.8,3.6,0.789,3.1,1.5,2.9
Rashawn Thomas,1628577,OKL,23,46,14.1,1.1,9.1,3.4,17.4,1324.3716666666667,6.5,0.458,4.3,0.248,3.4,5.1,0.668,3.3,1.8,1.1
Raven Lee,1628843,SCW,25,5,11.3,1.7,2.6,0.9,10.4,41.583333333333336,3.5,0.308,5.2,0.333,1.7,1.7,1.0,4.3,2.6,0.0
Reggie Hearn,203687,GRD,26,26,13.9,2.6,5.4,1.8,16.3,846.5116666666667,5.9,0.421,6.9,0.368,2.0,2.4,0.842,1.3,0.8,0.2
Reggis Onwukamuche,1627352,LAK,26,47,4.2,0.0,9.4,1.2,4.7,586.685,1.8,0.435,0.0,0.0,1.0,2.6,0.372,1.6,1.1,1.3
Richard Amardi,1628608,RAP,28,12,12.1,1.4,6.6,1.0,13.1,181.03333333333333,5.2,0.426,5.0,0.28,1.4,2.0,0.7,2.0,1.6,0.2
Ricky Ledo,203495,WIS,25,17,15.5,2.5,6.9,3.1,16.3,575.4433333333334,6.1,0.391,7.6,0.328,1.7,1.8,0.964,2.0,1.8,0.1
Robert Heyer,1628246,SBL,26,39,7.0,1.8,6.1,1.9,9.4,781.4716666666667,3.5,0.497,4.3,0.426,0.5,0.7,0.733,1.3,1.3,0.1
Rodney McGruder,203585,SXF,26,2,24.0,0.8,8.0,1.6,21.6,44.916666666666664,10.4,0.433,8.8,0.091,0.0,0.8,0.0,0.0,0.8,0.0
Rodney Pryor,1628842,SXF,25,24,13.0,2.0,7.7,2.4,15.1,585.8183333333334,5.6,0.429,6.0,0.33,1.9,2.5,0.775,2.0,0.6,0.5
Rodney Purvis,1628681,LAK,24,39,16.8,2.9,3.7,3.2,19.3,1484.8216666666667,7.1,0.424,7.3,0.393,2.2,2.8,0.778,2.0,1.3,0.3
Roger Moute a Bidias,1628606,RAP,23,9,8.3,0.3,5.9,0.7,9.0,104.14833333333333,3.8,0.458,0.7,0.5,1.0,1.7,0.6,2.1,1.4,0.3
Ron Baker,1627758,WES,25,3,6.9,2.6,3.6,0.3,11.5,110.0,3.3,0.476,5.2,0.5,2.3,2.3,1.0,2.3,2.9,0.0
Roosevelt Jones,1627912,CTN,25,20,5.8,0.0,10.4,5.2,5.9,523.9083333333333,2.6,0.452,0.3,0.0,0.7,1.2,0.588,1.5,1.5,0.5
Roscoe Smith,203964,GBO,27,35,16.4,0.6,8.4,1.3,21.6,694.52,8.0,0.489,2.6,0.235,4.9,6.2,0.79,2.1,1.0,1.0
Royce O'Neale,1626220,SLC,24,1,16.6,1.0,4.9,2.9,10.8,36.77166666666667,3.9,0.235,8.8,0.111,2.0,2.0,1.0,2.9,1.0,0.0
Ryan Arcidiacono,1627853,WCB,24,37,9.1,1.8,4.6,7.8,12.6,1463.235,4.2,0.457,4.0,0.451,2.5,3.0,0.833,2.6,1.6,0.2
Sam Thompson,1626280,GBO,25,43,11.2,1.1,5.3,1.8,12.5,1178.0866666666666,4.9,0.436,4.1,0.278,1.7,2.1,0.797,1.4,1.3,0.5
Scoochie Smith,1628871,CTN,23,8,10.3,3.0,4.4,8.5,14.8,276.5516666666667,5.3,0.519,5.7,0.523,1.2,2.0,0.6,2.3,1.7,0.5
Scott Machado,203159,SBL,27,46,14.1,1.7,4.4,10.0,18.2,1444.37,6.4,0.45,4.3,0.405,3.8,4.3,0.884,3.6,1.2,0.1
Sekou Wiggs,1628859,WES,23,17,10.2,0.6,5.5,4.3,12.5,364.37,4.1,0.408,2.9,0.207,3.7,5.1,0.712,3.1,0.9,0.2
Seth Allen,1628875,SXF,23,2,20.0,4.6,1.5,0.0,23.1,23.35,9.3,0.462,9.3,0.5,0.0,0.0,0.0,1.5,3.1,0.0
Shane Edwards,202197,DEL,31,11,7.4,0.2,9.4,2.0,10.8,179.81166666666667,3.6,0.486,1.8,0.111,3.4,4.2,0.81,2.4,1.2,1.0
Shane Richards,1627932,RGV,24,33,12.1,4.0,3.6,1.3,15.9,463.27166666666665,5.4,0.442,10.0,0.403,1.2,1.4,0.833,1.0,1.1,0.1
Shannon Brown,200769,DEL,32,44,10.9,0.7,4.2,1.8,10.9,772.6966666666667,4.4,0.4,2.4,0.294,1.4,2.0,0.721,1.8,1.4,0.2
Shannon Scott,1626263,LIN,25,49,8.6,1.4,5.2,6.2,10.0,1384.79,3.6,0.414,4.1,0.338,1.5,1.8,0.817,2.5,2.9,0.2
Shaquille Harrison,1627885,NAS,24,36,11.1,1.1,5.6,4.4,13.3,1075.5883333333334,5.2,0.464,3.5,0.321,1.8,2.8,0.655,2.2,2.3,0.6
Shaquille Thomas,1627981,MHU,26,37,12.2,0.6,7.7,1.1,14.4,614.6933333333334,5.7,0.471,1.9,0.344,2.3,3.1,0.736,1.5,0.8,1.2
Shawn Long,1627848,DEL,25,33,16.4,0.6,12.4,2.4,23.2,743.7166666666667,9.2,0.562,1.4,0.429,4.2,6.5,0.649,3.6,1.3,2.2
Shawne Williams,200761,IWA,32,38,10.9,2.2,6.1,1.1,13.2,881.7116666666667,4.7,0.429,6.0,0.367,1.7,2.2,0.764,1.1,1.3,0.9
Shevon Thompson,1628123,RAP,24,41,12.7,0.0,13.5,1.1,18.6,831.685,7.8,0.616,0.0,0.0,2.9,3.9,0.744,2.7,1.0,1.7
Shonn Miller,1627919,SLC,24,5,7.2,1.0,9.2,1.7,7.9,105.315,2.7,0.381,3.8,0.273,1.4,1.4,1.0,0.0,1.4,0.7
Sidy Djitte,1628569,OKL,24,9,6.9,0.0,11.4,0.9,6.9,78.61166666666666,2.7,0.4,0.0,0.0,1.4,1.8,0.75,6.4,0.9,1.4
Sindarius Thornwell,1628414,ACC,23,1,13.4,0.0,9.5,3.8,13.4,37.733333333333334,3.8,0.286,3.8,0.0,5.7,5.7,1.0,5.7,1.0,1.0
Skal Labissiere,1627746,RNO,22,2,16.5,1.0,16.0,2.1,28.8,69.95,11.3,0.688,1.5,0.667,5.1,8.7,0.588,3.6,0.5,5.1
Skylar Spencer,1628647,ACC,23,24,9.1,0.0,10.3,1.1,11.4,357.1166666666667,5.0,0.556,0.0,0.0,1.3,2.8,0.464,1.8,1.2,1.9
Stedmon Lemon,1627916,CTN,25,5,15.7,3.6,4.8,2.4,18.1,29.833333333333332,6.0,0.385,8.4,0.429,2.4,2.4,1.0,0.0,1.2,0.0
Stefhon Hannah,202513,DEL,32,9,16.0,3.8,3.6,8.9,17.8,141.69333333333333,6.1,0.381,9.9,0.385,1.8,2.3,0.778,6.6,2.5,0.0
Stephan Hicks,1627208,FWN,26,49,10.5,1.3,6.7,1.8,15.4,1446.8833333333334,5.1,0.481,3.9,0.338,4.0,5.0,0.805,1.3,1.4,0.4
Stephaun Branch,1628653,SBL,22,50,16.2,1.5,9.7,1.7,17.8,1076.6033333333332,6.9,0.425,4.7,0.314,2.5,4.2,0.591,2.6,2.3,1.3
Stephen Zimmerman,1627757,SBL,21,25,10.0,0.0,11.1,2.2,14.9,393.11333333333334,5.7,0.569,0.2,0.0,3.6,5.8,0.619,3.4,1.3,2.2
Sterling Brown,1628425,WIS,23,3,20.9,1.8,6.6,2.2,23.8,98.19166666666666,8.8,0.421,6.2,0.294,4.4,5.1,0.857,4.4,2.2,0.4
Steven Green,1628646,NAS,25,6,8.8,1.3,5.0,1.3,8.8,28.7,3.8,0.429,3.8,0.333,0.0,0.0,0.0,0.0,1.3,0.0
T.J. Williams,1628494,GBO,23,37,15.7,0.6,4.7,5.3,16.5,708.9266666666666,6.3,0.4,2.9,0.211,3.2,4.8,0.681,3.0,1.6,0.0
TJ Leaf,1628388,FWN,21,3,20.2,2.6,8.8,0.4,25.7,98.01666666666667,11.4,0.564,5.1,0.5,0.4,1.1,0.333,1.8,0.4,0.0
TJ Price,1628120,LAK,24,49,11.3,1.9,3.0,2.9,11.6,1371.2783333333334,4.4,0.388,5.4,0.345,1.0,1.1,0.884,1.7,1.8,0.6
Tahjere McCall,1628769,LIN,23,37,8.7,0.6,5.8,3.7,11.6,1042.3333333333333,4.3,0.498,1.9,0.315,2.3,3.5,0.673,2.4,2.3,0.9
Taylor Braun,1628579,SLC,26,45,8.7,1.8,6.0,3.3,11.2,1469.3816666666667,4.0,0.456,4.7,0.389,1.4,1.8,0.781,1.2,1.8,0.3
Taylor King,1628593,ACC,30,9,8.6,1.6,9.3,0.8,9.7,92.54666666666667,3.5,0.409,4.7,0.333,1.2,3.5,0.333,1.9,0.4,1.2
Terrance Ferguson,1628390,OKL,20,3,13.9,1.9,4.6,1.2,17.0,93.41333333333333,6.6,0.472,6.9,0.278,1.9,2.7,0.714,3.1,1.5,0.4
Terrence Jones,203093,SCW,26,16,16.4,1.2,8.6,5.6,23.2,476.99333333333334,8.7,0.53,3.2,0.372,4.7,8.9,0.525,3.7,1.4,1.6
Terry Henderson,1628516,GBO,24,42,12.3,3.0,5.0,2.7,14.7,1156.3066666666666,5.0,0.402,7.7,0.386,1.9,2.4,0.789,2.2,1.2,0.4
Theron Laudermill,1628874,ACC,28,1,58.4,0.0,0.0,0.0,0.0,1.2333333333333334,0.0,0.0,0.0,0.0,0.0,0.0,0.0,0.0,0.0,0.0
Thomas Bryant,1628418,SBL,20,37,15.1,2.1,8.6,2.5,23.1,1135.125,9.0,0.595,5.8,0.364,2.9,4.4,0.674,2.0,0.7,1.7
Thomas Wimbush,1628549,LIN,24,43,13.9,1.9,7.4,1.5,16.9,739.7016666666667,5.0,0.358,6.2,0.307,5.1,6.3,0.808,3.1,1.8,0.7
Tim Quarterman,1627817,ACC,23,11,12.3,1.7,6.0,7.4,12.5,282.03333333333336,4.5,0.365,5.6,0.295,1.9,2.7,0.714,6.4,1.9,0.3
Tommy Williams,1628689,ERI,25,40,9.5,0.4,7.6,2.2,8.8,415.5966666666667,3.5,0.364,2.0,0.217,1.5,2.2,0.68,2.8,2.0,1.6
Tony Bradley,1628396,SLC,20,24,14.1,0.0,12.4,1.7,18.8,710.2833333333333,8.2,0.579,0.2,0.0,2.4,3.0,0.814,2.0,0.9,1.6
Tony Mitchell,203183,SXF,28,44,20.0,3.2,7.2,4.7,22.8,1291.8766666666668,8.4,0.42,10.2,0.315,2.8,3.8,0.73,3.3,2.1,1.1
Tony Parker,1628143,IWA,24,7,10.7,0.0,12.1,0.7,14.8,53.68333333333333,6.7,0.625,0.0,0.0,1.3,2.7,0.5,2.0,3.4,0.7
Tony Wroten,203100,RGV,25,35,14.9,1.0,3.4,6.4,18.0,744.735,6.7,0.45,3.9,0.259,3.5,6.6,0.537,5.8,1.6,0.3
Torian Graham,1628680,SLC,25,28,21.6,3.6,5.2,0.9,20.9,419.7183333333333,8.1,0.377,12.4,0.292,1.0,1.6,0.632,2.2,1.5,0.3
Torrey Craig,1628470,SXF,27,15,17.8,2.7,8.4,3.5,23.7,523.42,8.5,0.475,6.9,0.386,4.1,5.2,0.787,2.7,1.2,2.1
Tra-Deon Hollins,1628753,FWN,22,40,8.3,0.7,4.9,9.5,7.9,722.0716666666667,2.9,0.355,3.1,0.238,1.2,1.7,0.735,4.0,4.5,0.4
Trahson Burrell,1627897,MHU,25,32,11.6,1.7,9.2,4.3,14.6,1057.955,5.6,0.48,4.2,0.398,1.7,2.6,0.68,2.3,1.7,0.6
Travis Wear,204037,SBL,27,33,15.8,3.5,9.8,2.3,19.6,1010.24,7.0,0.445,8.3,0.419,2.1,2.5,0.855,1.5,0.9,0.5
Tre'Lun Banks,1628779,IWA,23,1,0.0,0.0,0.0,31.5,0.0,2.283333333333333,0.0,0.0,0.0,0.0,0.0,0.0,0.0,0.0,0.0,0.0
Trevor Thompson,1628545,SCW,23,38,10.4,0.3,12.5,1.8,15.3,445.155,5.4,0.523,0.7,0.444,4.1,5.5,0.75,2.7,1.4,1.9
Trey Burke,203504,WES,25,26,19.7,2.6,3.2,5.3,25.9,960.8616666666667,9.6,0.488,6.2,0.416,4.0,4.9,0.831,2.6,1.9,0.2
Trey Davis,1628069,MNE,25,46,18.5,2.9,4.5,6.7,23.7,1164.4683333333332,7.8,0.418,7.6,0.38,5.3,6.2,0.864,3.1,1.8,0.2
Trey McKinney Jones,1626722,FWN,27,36,11.9,1.1,4.2,3.4,16.0,969.1416666666667,6.1,0.514,2.7,0.397,2.7,3.5,0.768,2.6,1.4,0.3
Troy Caupain,1628505,LAK,22,50,12.2,1.6,7.2,5.5,14.9,1881.9116666666666,5.3,0.436,4.5,0.347,2.7,3.3,0.841,2.0,1.4,0.2
Troy Williams,1627786,RGV,23,19,19.0,3.1,7.3,2.8,24.7,550.3016666666666,8.8,0.464,9.5,0.331,3.9,5.0,0.766,3.1,2.2,0.4
Tucker Haymond,1628735,AUS,23,31,11.1,1.4,3.9,2.9,14.5,211.47666666666666,4.8,0.431,3.4,0.4,3.6,4.4,0.808,1.4,1.7,0.3
Tyler Cavanaugh,1628463,ERI,24,11,16.3,3.2,11.1,0.7,22.0,259.93666666666667,8.0,0.492,7.1,0.451,2.8,2.9,0.952,1.8,0.7,0.7
Tyler Dorsey,1628416,ERI,22,10,17.3,3.8,7.0,2.9,20.8,330.7633333333333,7.3,0.421,9.0,0.422,2.4,3.2,0.759,2.1,1.4,0.2
Tyler Harris,1628523,WCB,24,40,15.2,0.0,8.3,2.8,18.3,1018.7183333333334,8.1,0.529,0.4,0.091,2.1,3.7,0.577,2.1,1.2,1.0
Tyler Lydon,1628399,RGV,22,15,10.8,2.2,9.8,2.4,14.5,469.44666666666666,5.6,0.518,6.1,0.367,1.1,1.5,0.737,0.9,1.1,0.7
Tyler Roberson,1628542,ACC,23,45,12.5,0.0,11.8,1.4,17.1,962.4316666666666,6.7,0.531,0.1,0.333,3.8,5.2,0.732,1.9,1.0,0.8
Tyree Murray,1628613,RNO,27,1,24.0,0.0,0.0,0.0,0.0,1.5,0.0,0.0,0.0,0.0,0.0,0.0,0.0,0.0,0.0,0.0
Tyrell Corbin,1628126,NAS,25,9,8.3,0.0,3.7,4.6,5.6,38.83166666666666,2.8,0.333,4.6,0.0,0.0,0.0,0.0,0.0,0.9,0.0
Tyrone Wallace,1627820,ACC,23,26,19.3,0.6,6.9,6.0,24.5,862.56,9.8,0.51,2.5,0.25,4.2,6.2,0.671,4.0,1.6,1.0
Tyrrel Tate,204155,TEX,26,22,7.4,0.1,5.2,1.9,7.5,263.34,2.3,0.315,1.8,0.077,2.7,3.7,0.741,2.1,0.8,0.4
Tyshawn Abbott,1628690,DEL,29,43,8.0,1.7,2.4,2.9,8.5,1126.7283333333332,3.0,0.371,5.3,0.315,0.9,1.1,0.8,2.1,1.1,0.2
V.J. Beachem,1628431,SBL,23,36,12.9,3.0,4.1,0.9,15.6,714.02,5.6,0.435,7.5,0.399,1.4,1.6,0.875,1.1,0.9,0.7
Vander Blue,203505,SBL,25,15,17.0,2.2,3.7,5.5,19.7,520.1466666666666,6.6,0.39,6.6,0.333,4.2,5.1,0.824,2.9,1.5,0.1
Vincent Hunter,1626205,MHU,23,13,15.9,0.4,10.9,2.8,20.6,366.37833333333333,7.6,0.475,2.3,0.174,5.1,7.3,0.703,3.5,1.4,1.7
Vitto Brown,1628665,MNE,22,45,12.3,2.4,7.8,1.1,14.2,925.08,5.2,0.424,6.4,0.372,1.4,1.8,0.787,1.7,0.6,0.8
Wade Baldwin IV,1627735,TEX,22,17,16.5,1.1,4.8,5.2,19.5,573.1116666666667,7.0,0.422,4.5,0.239,4.5,5.6,0.798,3.1,2.3,0.5
Wally Ellenson,1628131,OKL,24,3,19.4,4.8,14.5,0.0,14.5,7.428333333333334,4.8,0.25,14.5,0.333,0.0,0.0,0.0,0.0,0.0,0.0
Walter Lemon Jr.,1627215,FWN,25,40,18.0,1.0,4.6,6.0,22.0,1463.2016666666666,8.8,0.49,3.3,0.309,3.3,4.4,0.768,3.1,1.9,0.2
Wayne Selden,1627782,MHU,23,1,24.1,2.0,6.0,10.0,30.1,17.95,6.0,0.25,10.0,0.2,16.0,18.1,0.889,4.0,2.0,0.0
Wes Iwundu,1628411,LAK,23,9,14.3,0.2,8.8,1.8,15.7,315.065,5.6,0.392,2.1,0.111,4.2,5.6,0.755,2.7,1.3,0.5
Wes Washpun,1628230,IWA,25,43,9.4,1.1,3.3,3.2,10.4,984.1233333333333,3.7,0.398,3.6,0.293,1.8,2.3,0.806,1.3,1.5,0.8
Wesley Da Silva,1628568,GRD,21,3,8.6,1.2,3.7,1.2,6.1,29.463333333333335,2.4,0.286,4.9,0.25,0.0,0.0,0.0,3.7,1.2,0.0
Will Davis,1627900,WCB,25,46,11.8,0.0,8.2,1.1,16.8,734.115,6.8,0.577,0.1,0.0,3.1,4.1,0.762,1.8,1.1,1.0
Willie Warren,202378,TEX,28,3,11.2,0.7,2.6,7.2,9.9,54.666666666666664,4.0,0.353,4.6,0.143,1.3,2.6,0.5,4.0,1.3,1.3
Winston Shepard,1628686,SCW,24,19,12.0,0.6,9.1,3.9,14.4,449.16,5.5,0.46,1.7,0.333,2.8,4.9,0.574,2.4,1.8,0.3
Xavier Gibson,1626536,LAK,29,22,12.6,0.3,11.3,2.3,20.6,368.89666666666665,6.8,0.543,1.6,0.188,6.6,8.9,0.747,2.2,2.0,2.7
Xavier Johnson,1628841,TEX,24,28,10.1,0.7,9.4,1.7,11.5,530.1266666666667,4.7,0.463,2.4,0.286,1.5,2.4,0.629,1.6,1.8,0.6
Xavier Munford,204098,WIS,25,34,17.1,2.3,4.9,5.1,23.9,1248.5,8.7,0.508,5.2,0.444,4.3,5.7,0.747,3.6,1.7,0.4
Xavier Rathan-Mayes,1628504,WES,24,43,15.0,1.6,6.5,7.3,16.9,1528.1266666666668,6.5,0.43,4.7,0.338,2.4,4.0,0.613,3.2,1.9,0.3
Xavier Silas,202918,NAS,30,43,15.0,3.9,4.6,2.0,20.3,1405.1783333333333,6.6,0.438,10.4,0.38,3.3,3.7,0.882,2.2,1.3,0.1
Yakuba Ouattara,1628473,LIN,26,12,15.7,1.1,4.6,1.0,17.0,188.25,6.7,0.427,6.5,0.176,2.5,3.3,0.765,2.5,1.3,0.8
Yannis Morin,1628734,OKL,24,33,9.5,0.2,8.9,1.9,12.4,551.3783333333333,5.2,0.545,1.2,0.167,1.9,2.9,0.659,1.8,1.1,2.0
Zach Andrews,202876,NAS,33,3,3.5,0.0,10.5,0.0,3.5,20.583333333333332,1.7,0.5,1.7,0.0,0.0,1.7,0.0,3.5,1.7,0.0
Zak Irvin,1628860,WES,23,12,8.7,0.3,7.0,1.8,10.4,367.2316666666667,4.6,0.528,0.6,0.5,0.9,1.5,0.6,1.5,1.3,0.2
Zeek Woodley,1628848,IWA,23,4,7.4,0.0,0.0,0.0,0.0,9.76,0.0,0.0,3.7,0.0,0.0,0.0,0.0,0.0,3.7,0.0
Zeke Marshall,203788,GRD,27,15,9.7,0.0,7.5,0.5,17.2,152.71833333333333,5.9,0.61,0.0,0.0,5.4,6.8,0.793,4.0,1.4,2.4
Zeke Upshaw,1626580,GRD,27,41,12.6,4.0,4.1,1.3,15.5,812.2866666666666,5.2,0.414,9.9,0.408,1.0,1.1,0.88,1.3,1.1,0.0
Zhou Qi,1627753,RGV,22,24,11.7,1.6,8.8,1.5,15.4,620.62,6.0,0.51,4.9,0.333,1.8,3.2,0.564,2.4,0.8,3.1
