index,ID,Name,TeamID,Team,GP,TotalMin,PTS,REB,AST,STL,BLK,TOV,FGper,threeper,FTper
0,203932,Aaron Gordon,1610612753,ORL,55,1838.1566666666668,19.15955353877863,8.735962235298029,2.581079751338054,1.0919952794122536,0.7941783850270936,1.8861736644393472,0.43084177387719824,0.33156947574881157,0.70086242478641
1,1627846,Abdel Nader,1610612738,BOS,44,462.9716666666667,10.653078177555805,4.869978595454082,1.8262419732952808,1.0145788740529338,0.7102052118370537,2.3335314103217475,0.35104429042231505,0.37640876227363845,0.6381701117792954
2,201143,Al Horford,1610612738,BOS,70,2218.701666666667,14.812851561172833,8.42100465463935,5.478725919885843,0.7102052118370537,1.2174946488635205,2.130615635511161,0.4991728060340434,0.43829807359086737,0.7791965752726532
3,2744,Al Jefferson,1610612754,IND,34,462.07666666666665,18.478519651842785,10.559154086767306,2.3351975384196924,1.2183639330885352,1.827545899632803,1.624485244118047,0.5391260403916769,0.0,0.8254415646674825
4,202329,Al-Farouq Aminu,1610612757,POR,65,1950.4883333333332,11.57562780193481,9.159844608487544,1.5098644959045404,1.308549229783935,0.7046034314221188,1.308549229783935,0.40263053224121076,0.3774661239761351,0.7428533319850338
5,202692,Alec Burks,1610612762,UTA,62,1029.71,17.01979693525818,6.624471861028634,2.2421289375789226,1.324894372205727,0.3057448551243985,2.0382990341626566,0.4178513020033446,0.3271469949831064,0.8795260332411863
6,203518,Alex Abrines,1610612760,OKC,73,1095.0416666666667,11.345630085401119,3.614537018357878,0.9036342545894696,1.2048456727859593,0.30121141819648983,0.803230448523973,0.40261926232264145,0.3915748436554368,0.8574485037993411
7,1627936,Alex Caruso,1610612747,LAL,33,475.7633333333333,7.461648818795432,3.5854676142263764,4.651417445482866,1.3566634215991693,0.7752362409138112,2.5195177829698863,0.42444184190031153,0.27230172962097615,0.660888895379024
8,203458,Alex Len,1610612756,PHX,66,1324.2966666666666,14.451436876806653,13.190573256682583,1.9397901848062622,0.6789265646821917,1.55183214784501,1.9397901848062622,0.5489606223001722,0.9698950924031311,0.6682577186657572
9,203459,Allen Crabbe,1610612751,BKN,71,2085.366666666667,15.084856378763869,5.126879292128897,1.7746889857369257,0.7887506603275226,0.4929691627047016,1.2817198230322242,0.39043157686212365,0.35986748877443214,0.8281881933438986
10,101161,Amir Johnson,1610612755,PHI,70,1094.0533333333333,9.859344578470793,9.859344578470793,3.416604556895819,1.3666418227583277,1.3666418227583277,1.7571109149749928,0.5105383380732896,0.30261354646791544,0.5993700565525809
11,203083,Andre Drummond,1610612765,DET,76,2541.215,16.26343988904675,17.374606589540626,3.2324849468912795,1.6162424734456398,1.8182727826263447,2.8284243285298696,0.5323498646911576,0.0,0.6212432007306677
12,2738,Andre Iguodala,1610612744,GSW,63,1600.9283333333333,8.303983053619916,5.373165505283476,4.4939202407825425,1.1723270193345765,0.8792452645009324,1.4654087741682207,0.4542767199921484,0.2852662413714136,0.6174255635162103
13,203460,Andre Roberson,1610612760,OKC,39,1036.6783333333333,6.727055006388273,6.425843588191784,1.606460897047946,1.606460897047946,1.2048456727859593,1.0040380606549661,0.5391684385717168,0.2228964494654025,0.3172760271669693
14,1626150,Andrew Harrison,1610612763,MEM,56,1326.2716666666668,14.856766169154229,3.6885764282038083,4.918101904271745,1.0246045633899468,0.7172231943729627,2.254130039457883,0.43238312575055754,0.3391441104820724,0.7991915594441585
15,203952,Andrew Wiggins,1610612750,MIN,78,2831.9783333333335,18.006279810298103,4.248672764227642,1.9220186314363141,1.1127476287262874,0.6069532520325203,1.7197008807588074,0.44712222899729,0.3338242886178862,0.6524747459349594
16,203076,Anthony Davis,1610612740,NOP,71,2582.3533333333335,26.968339018289317,10.670925510833902,2.231193515901634,1.455126206022805,2.4252103433713414,2.037176688431927,0.5199650976188156,0.33176877497319957,0.810020254686028
17,201229,Anthony Tolliver,1610612765,DET,75,1623.835,14.2431367972397,5.050757729517624,1.919287937216697,0.6060909275421149,0.40406061836140994,1.2121818550842298,0.4596189533861038,0.4303245585549016,0.810141539814627
18,1628469,Antonio Blakeney,1610612741,CHI,19,313.9,17.17924747273211,3.77347632349029,2.2839461957967546,0.7944160681032191,0.09930200851290238,1.290926110667731,0.3684104515828678,0.28598978451715884,0.7636324454642193
19,203382,Aron Baynes,1610612738,BOS,77,1402.145,11.566199164203445,10.45016240274522,2.2320735229164543,0.5072894370264669,1.2174946488635205,1.9276998607005742,0.48192496517514355,0.1349389902490402,0.7609341555397003
20,201167,Arron Afflalo,1610612753,ORL,51,656.7683333333333,9.133051427811575,3.573802732621921,1.5883567700541872,0.1985445962567734,0.49636149064193347,1.1912675775406403,0.38914740866327585,0.3821983477942888,0.8398436421661514
21,203085,Austin Rivers,1610612746,LAC,58,1964.68,16.046953153331355,2.559636699304388,4.036350179672304,1.279818349652194,0.2953426960735832,1.8705037417993604,0.4213555797316454,0.37803865097418654,0.6340023209046254
22,202340,Avery Bradley,1610612746,LAC,46,1433.07,16.24384828404708,2.854979395377971,2.3627415685886657,1.279818349652194,0.19689513071572218,2.461189133946527,0.4075729205815448,0.36327151617050735,0.7560773019483731
23,1628389,Bam Adebayo,1610612748,MIA,66,1324.1833333333334,12.633573524394407,10.18836574547936,2.750858751279427,0.9169529170931424,1.1207202320027296,1.7320221767314912,0.5175689798703514,0.0,0.7243928045035825
24,203463,Ben McLemore,1610612763,MEM,52,968.0366666666666,14.24200343112026,4.713180991593755,1.7418277577629095,1.3319859324069308,0.5123022816949734,2.254130039457883,0.42213708011665807,0.35861159718648133,0.8412003465431462
25,1627732,Ben Simmons,1610612755,PHI,77,2614.181666666667,16.399701873099932,8.395085482658299,8.395085482658299,1.7571109149749928,0.8785554574874964,3.5142218299499857,0.5300617926841229,0.0,0.5495852472949561
26,202687,Bismack Biyombo,1610612753,ORL,78,1427.505,10.82068049599415,11.217769688507698,1.5883567700541872,0.49636149064193347,2.2832628569528937,2.0847182606961208,0.5132377813237592,0.0,0.6571826136099199
27,201933,Blake Griffin,1610612765,DET,58,1969.8216666666667,22.930440092010013,7.879182058047494,6.161924430011501,0.7071060821324674,0.30304546377105746,3.0304546377105748,0.44244637710574386,0.34850228333671607,0.792968963534267
28,1626171,Bobby Portis,1610612741,CHI,69,1553.36,21.0520258047353,10.724616919393457,2.7804562383612663,1.0923220936419262,0.49651004256451187,2.08534217877095,0.4637403797552541,0.36046629090183563,0.7725696262303805
29,203992,Bogdan Bogdanovic,1610612758,SAC,75,2089.2383333333332,15.769171210094987,3.7886969790487957,4.4030802729486,1.2287665877996092,0.3071916469499023,2.1503415286493164,0.4618114425813532,0.41163680691286914,0.8601366114597265
30,202711,Bojan Bogdanovic,1610612754,IND,77,2385.495,16.75250407996736,3.9596827825377394,1.827545899632803,0.8122426220590235,0.10153032775737794,1.624485244118047,0.4792231470148238,0.4040907044743642,0.8782373351013192
31,203078,Bradley Beal,1610612764,WAS,78,2819.403333333333,22.87472734021732,4.433867854491464,4.534637578457178,1.2092366875885807,0.4030788958628603,2.620012823108592,0.4665638219612608,0.3788941621110886,0.7991039110481205
32,201148,Brandan Wright,1610612745,HOU,28,380.875,13.068534442440034,8.978382441371016,1.1971176588494687,1.1971176588494687,2.49399512260306,0.7980784392329793,0.5766116723458274,0.0,0.6344723591902185
33,1627742,Brandon Ingram,1610612747,LAL,59,1974.5616666666667,16.764483709761166,5.523558216510904,4.069990264797508,0.7752362409138112,0.7752362409138112,2.6164223130841124,0.455451291536864,0.3779276674454829,0.6599198500778817
34,203464,Brandon Paul,1610612759,SAS,61,558.0583333333333,9.010954977197136,4.4030802729486,2.4575331755992185,1.6383554503994793,0.5119860782498372,1.843149881699414,0.4310922778863629,0.2754485100984124,0.5242737441278333
35,201572,Brook Lopez,1610612747,LAL,70,1657.15,19.28400149273105,5.814271806853583,2.6164223130841124,0.6783317107995847,2.034995132398754,1.9380906022845277,0.4535132009345795,0.33335158359293876,0.6696103030893042
36,1627854,Bryn Forbes,1610612759,SAS,77,1461.7383333333332,13.516432465795702,2.6623276068991535,2.047944312999349,0.716780509549772,0.0,0.921574940849707,0.43006830572986326,0.4003731131913727,0.6625099852552894
37,1627741,Buddy Hield,1610612758,SAC,77,1930.3316666666667,19.762662620443717,5.631846860748209,2.764724822549121,1.5359582347495118,0.4095888625998698,2.252738744299284,0.45566760964235514,0.43928405513836033,0.9092872749717109
38,203710,C.J. Williams,1610612746,LAC,34,625.5466666666666,10.632337058648996,2.75653183002011,1.7720561764414995,1.5751610457257774,0.6891329575050275,1.082923218936472,0.44301404411037487,0.3091253552236838,0.8003787063594106
39,203468,CJ McCollum,1610612757,POR,77,2780.596666666667,21.641391107965077,3.9256476893518046,3.4223595240502913,1.0065763306030269,0.40263053224121076,1.8118373950854485,0.4519527724407591,0.4046436849024168,0.8435109650453365
40,101139,CJ Miles,1610612761,TOR,66,1250.9733333333334,18.820651260504203,4.082786781379219,1.394122315592904,0.9958016539949314,0.4979008269974657,0.9958016539949314,0.38139203348005873,0.36645500867013475,0.8334859843937575
41,1626166,Cameron Payne,1610612741,CHI,21,476.25666666666666,13.604375166267625,4.1706843575419,6.653234570364459,1.5888321362064382,0.6951140595903166,2.08534217877095,0.4041591746475126,0.33961286911412614,0.7805137869114127
42,1627747,Caris LeVert,1610612751,BKN,68,1780.64,16.366576201796093,5.028285459587956,5.6198484548335985,1.4789074881141047,0.3943753301637613,2.859221143687269,0.427897233227681,0.3342330923137877,0.6990302727152669
43,2546,Carmelo Anthony,1610612760,OKC,75,2413.068333333333,18.273492703920382,6.52624739425728,1.5060570909824493,0.7028266424584763,0.7028266424584763,1.4056532849169525,0.4046273384439514,0.35944562571447786,0.7640729641584293
44,1626224,Cedi Osman,1610612739,CLE,57,583.7366666666667,12.554636636636637,6.376958291624959,1.6938795462128795,1.1956796796796796,0.19927994661327997,1.6938795462128795,0.5111530630630631,0.3955706940273607,0.5689442475809142
45,202718,Chandler Parsons,1610612763,MEM,36,691.3833333333333,15.164147538171212,4.81564144793275,3.6885764282038083,0.9221441070509521,0.6147627380339681,1.8442882141019041,0.4733673082861554,0.43135852118716755,0.6455008749356664
46,101112,Channing Frye,1610612747,LAL,50,642.5583333333333,13.566634215991694,6.880221638110073,1.7442815420560749,0.9690453011422638,0.7752362409138112,0.9690453011422638,0.4971202394859814,0.3507943990134995,0.9041192659657322
47,1627767,Cheick Diallo,1610612740,NOP,48,538.035,15.61835461131144,12.611093785530976,1.1641009648182439,0.6790588961439756,1.2611093785530976,1.5521346197576587,0.5577983789754085,0.0,0.7634562160932984
48,101108,Chris Paul,1610612745,HOU,55,1752.72,20.750039420057462,6.185107904055589,8.978382441371016,1.8954362931783257,0.2992794147123672,2.49399512260306,0.45390711231375697,0.3780896605866239,0.9147974109708025
49,203991,Clint Capela,1610612745,HOU,71,1954.6916666666666,18.2560442974544,14.165892296385381,1.1971176588494687,0.9975980490412241,2.49399512260306,1.7956764882742033,0.6504339279748781,0.0,0.560650103561168
50,203469,Cody Zeller,1610612766,CHA,33,627.1833333333333,13.272044444444445,10.102600995024876,1.7828119402985076,0.7923608623548923,1.1885412935323383,1.881857048092869,0.5397958374792704,0.6606308689883914,0.7111438739635157
51,201147,Corey Brewer,1610612760,OKC,69,1120.9416666666666,11.345630085401119,4.718978885078341,2.0080761213099323,2.309287539506422,0.4016152242619865,1.5060570909824493,0.4538252034160447,0.28213469504404554,0.7239114417322305
52,202709,Cory Joseph,1610612754,IND,78,2107.8516666666665,10.76221474228206,4.4673344213246295,4.2642737658098735,1.3198942608459132,0.3045909832721338,1.3198942608459132,0.4315038929688562,0.36144796681626545,0.7614774581803345
53,201584,Courtney Lee,1610612752,NYK,73,2226.278333333333,14.149800383103136,3.4120086030177776,2.809889437779346,1.304591524683268,0.30105958261921567,1.304591524683268,0.45158937392882353,0.40141277682562093,0.922245854756864
54,1626245,Cristiano Felicio,1610612741,CHI,51,856.15,11.22112696195797,8.440670723596702,2.08534217877095,0.39720803405160954,0.49651004256451187,1.886738161745145,0.5968050711625432,0.0,0.6414909749933494
55,1626156,D'Angelo Russell,1610612751,BKN,44,1123.5766666666666,21.39486166138405,5.6198484548335985,7.098755942947703,1.0845321579503435,0.4929691627047016,4.042347134178553,0.4032487750924459,0.31944401743264667,0.7394537440570523
56,201571,D.J. Augustin,1610612753,ORL,71,1679.0466666666666,15.387206209899938,3.275985838236761,5.757793291446428,1.0919952794122536,0.0,2.3825351550812806,0.4437471726338885,0.41495820617665635,0.8626762707356803
57,203081,Damian Lillard,1610612757,POR,70,2557.5716666666667,26.472957494859607,4.529593487713621,6.542746148919675,1.1072339636633297,0.40263053224121076,2.818413725688475,0.44088043280412575,0.36236747901708966,0.9270568004853877
58,1627814,Damion Lee,1610612737,ATL,12,320.51166666666666,14.352971691858924,6.038146711747547,2.6726223150357997,1.880734221691859,0.09898601166799259,1.1878321400159109,0.4078223680721294,0.2583534904534606,0.7522936886767436
59,1628422,Damyean Dotson,1610612752,NYK,40,355.895,12.042383304768627,5.720132069765098,2.30812346674732,0.7024723594448365,0.10035319420640523,1.304591524683268,0.41044456430419735,0.2990525187350876,0.7355889135329503
60,1628464,Daniel Theis,1610612738,BOS,63,935.6333333333333,12.885151700472258,10.653078177555805,2.2320735229164543,1.2174946488635205,1.8262419732952808,2.2320735229164543,0.5488871708626372,0.3145194509564095,0.7639778921618592
61,201568,Danilo Gallinari,1610612746,LAC,21,671.055,16.932981241552106,5.316168529324498,2.165846437872944,0.5906853921471664,0.4922378267893054,1.378265915010055,0.3918213101242871,0.3189701117594699,0.9165468334816866
62,201980,Danny Green,1610612759,SAS,67,1741.9283333333333,12.390063093646061,5.119860782498372,2.252738744299284,1.2287665877996092,1.7407526660494466,1.5359582347495118,0.396277224565374,0.37374983712238113,0.792554449130748
63,201967,Dante Cunningham,1610612751,BKN,70,1498.8616666666667,9.36641409138933,6.507192947702061,1.0845321579503435,0.8873444928684628,0.5915629952456419,0.7887506603275226,0.4436722464342314,0.3470502905441099,0.5797317353407291
64,203967,Dario Saric,1610612755,PHI,74,2229.3516666666665,17.375874603641595,8.004616390441633,3.0261354646791543,0.7809381844333302,0.2928518191624988,2.3428145532999904,0.4441585923964565,0.3894929194861234,0.8473179301101632
65,203121,Darius Miller,1610612740,NOP,78,1847.1833333333334,11.544001234447586,2.91025241204561,2.037176688431927,0.4850420686742683,0.29102524120456097,1.0670925510833904,0.4297472728454017,0.40258491699964266,0.8430031153558784
66,201954,Darren Collison,1610612754,IND,65,1928.9516666666666,15.432609819121446,3.147440160478716,6.599471304229565,1.7260155718754249,0.3045909832721338,1.624485244118047,0.5056210322317422,0.46907011423908607,0.8934668842649258
67,1628021,David Nwaba,1610612741,CHI,66,1529.0483333333334,12.015543030061187,7.050442604416068,2.2839461957967546,1.290926110667731,0.6951140595903166,1.5888321362064382,0.4935309823091248,0.35351515030593245,0.6474490955041236
68,2561,David West,1610612744,GSW,69,947.23,17.97568096313017,8.49937089017568,4.787001995616188,1.6607966107239833,2.6377357935027974,2.9308175483364414,0.5676016651944907,0.36635219354205517,0.7454045964602349
69,202722,Davis Bertans,1610612759,SAS,74,1067.5266666666666,15.461979563145084,5.222257998148339,2.559930391249186,0.921574940849707,0.921574940849707,1.2287665877996092,0.4474758323903577,0.38398955868737794,0.8355612797037343
70,1628368,De'Aaron Fox,1610612758,SAC,70,1927.595,15.25718513184515,3.5839025477488606,5.836641292048144,1.3311638034495767,0.4095888625998698,3.0719164694990235,0.42085255632136614,0.31026356341940137,0.7495476185577616
71,201599,DeAndre Jordan,1610612746,LAC,73,2321.3516666666665,13.585764019384829,17.129876372267827,1.6736086110836383,0.5906853921471664,1.082923218936472,2.0673988725150827,0.6340023209046254,0.0,0.5877319651864306
72,202732,DeAndre Liggins,1610612740,NOP,55,711.325,4.947429100477536,3.686319721924439,2.231193515901634,1.8431598609622195,0.6790588961439756,0.9700841373485366,0.38027298184062636,0.34729012117077607,0.38803365493941466
73,1627761,DeAndre' Bembry,1610612737,ATL,23,395.2,10.195559201803237,5.74118867674357,3.4645104083797404,1.385804163351896,0.8908741050119332,3.761468443383718,0.39990348713869006,0.3424916003712543,0.5869870491911959
74,201942,DeMar DeRozan,1610612761,TOR,77,2616.67,24.596300853674805,4.082786781379219,5.476909096972123,1.0953818193944247,0.2987404961984794,2.290343804188342,0.4570729591836735,0.31168591770041354,0.8225321661998133
75,202326,DeMarcus Cousins,1610612740,NOP,48,1737.0366666666666,24.34911184744827,12.41707695806127,5.1414459279472435,1.5521346197576587,1.5521346197576587,4.850420686742683,0.4559395445538122,0.34340978462138194,0.7236827664620084
76,201960,DeMarre Carroll,1610612751,BKN,73,2179.55,15.972200871632332,7.788912770734285,2.3662519809825677,0.9859383254094032,0.4929691627047016,1.6760951531959853,0.40817846671949287,0.36578311872688857,0.7532568806127841
77,1627749,Dejounte Murray,1610612759,SAS,78,1669.6516666666666,13.721226897095638,9.830132702396874,4.915066351198437,2.047944312999349,0.6143832938998046,2.867122038199088,0.45566760964235514,0.27954439872441117,0.7157565373932724
78,1626153,Delon Wright,1610612761,TOR,65,1339.1083333333333,13.94122315592904,4.879428104575164,5.07858843537415,1.8920231425903695,0.8962214885954383,1.9916033079898627,0.4680267773776177,0.37242981859410434,0.826515372815793
79,203471,Dennis Schroder,1610612737,ATL,67,2077.855,22.27185262529833,3.563496420047733,7.126992840095466,1.1878321400159109,0.09898601166799259,3.167552373375763,0.43157901087244765,0.28705943383717847,0.840391239061257
80,1628372,Dennis Smith Jr.,1610612742,DAL,67,1977.9733333333334,18.97172046316221,4.691930867233664,6.323906821054069,1.2239819653653037,0.3059954913413259,3.4679489018683602,0.40391404857055024,0.3243552208218055,0.7088895549407384
81,1627756,Denzel Valentine,1610612741,CHI,77,2095.1566666666668,13.40577114924182,6.752536578877361,4.1706843575419,1.0923220936419262,0.19860401702580477,1.6881341447193403,0.41408937549880287,0.3833057528598032,0.7397999634211226
82,202324,Derrick Favors,1610612762,UTA,73,2044.0516666666667,16.000647418176854,9.376175557148219,1.732554179038258,0.9172345653731955,1.324894372205727,1.5287242756219923,0.5758194771509504,0.22217459472372955,0.6604088870687007
83,201565,Derrick Rose,1610612750,MIN,21,365.74833333333333,18.91670968834688,3.2370840108401087,3.3382428861788616,0.5057943766937669,0.4046355013550136,3.135925135501355,0.44712222899729,0.22457270325203252,0.8740126829268292
84,1626164,Devin Booker,1610612756,PHX,54,1865.28,25.21727240248141,4.558506934294717,4.752485952775343,0.872905583162818,0.29096852772093934,3.588611841891585,0.41899467991815265,0.3714698203903992,0.8515678911299491
85,2734,Devin Harris,1610612743,DEN,67,1271.7383333333332,15.745926784214946,3.409945927791772,4.011701091519732,1.3038028547439129,0.3008775818639799,2.106143073047859,0.4111993618807725,0.3409945927791772,0.8424572292191437
86,203473,Dewayne Dedmon,1610612737,ATL,59,1458.1483333333333,14.15499966852294,11.383391341819147,2.078706245027844,0.9898601166799258,1.0888461283479185,2.078706245027844,0.5186867011402811,0.3494206211880138,0.7790199118271016
87,1627738,Deyonta Davis,1610612763,MEM,58,841.0566666666666,14.139542974781266,9.733743352204494,1.5369068450849201,0.6147627380339681,1.5369068450849201,1.2295254760679362,0.6239841791044776,0.0,0.7018541259221136
88,1628415,Dillon Brooks,1610612763,MEM,78,2219.715,13.422319780408301,3.8934973408817974,1.9467486704408987,1.1270650197289416,0.30738136901698404,1.8442882141019041,0.44980140332818663,0.36578382913021096,0.7551335632183908
89,203079,Dion Waiters,1610612748,MIA,30,917.53,17.116454452405325,3.056509723643808,4.4828809280109185,0.9169529170931424,0.40753462981917443,2.750858751279427,0.4054969566700785,0.3117639918116684,0.7529202285909247
90,1717,Dirk Nowitzki,1610612742,DAL,77,1900.3416666666667,17.951735492024458,8.465875260443351,2.345965433616832,0.8159879769102025,0.9179864740239778,1.019984971137753,0.46511314683881544,0.417173853195341,0.9159465040817023
91,1627734,Domantas Sabonis,1610612754,IND,70,1710.82,17.057095063239494,11.574457364341086,3.045909832721338,0.7107122943016455,0.6091819665442676,2.842849177206582,0.5269424010607915,0.3695703930368557,0.7503091221270229
92,1628378,Donovan Mitchell,1610612762,UTA,75,2511.8033333333333,22.319374424081087,3.97468311661718,3.97468311661718,1.6306392273301253,0.40765980683253134,2.955533599535852,0.4453683389645405,0.34651083580765163,0.8234728098017133
93,1627827,Dorian Finney-Smith,1610612742,DAL,18,344.34,8.975867746012229,5.915912832598968,1.8359729480479556,0.7139894797964271,0.40799398845510126,1.7339744509341801,0.36413463469617785,0.2855957919185709,0.7843684428049321
94,203926,Doug McDermott,1610612742,DAL,79,1723.435,13.05580763056324,4.1819383816647875,1.631975953820405,0.40799398845510126,0.3059954913413259,1.1219834682515286,0.47633298152133074,0.4365535676469583,0.805788127198825
95,1627733,Dragan Bender,1610612756,PHX,79,1957.3133333333333,8.72905583162818,5.819370554418787,2.2307587125272015,0.3879580369612525,0.872905583162818,1.9397901848062622,0.3646805547435773,0.3491622332651272,0.7477891162428141
96,203110,Draymond Green,1610612744,GSW,66,2170.681666666667,11.918658029901527,8.303983053619916,7.913207380508391,1.4654087741682207,1.4654087741682207,3.0285114666143227,0.4425534497988026,0.29601257238198053,0.7581048058363595
97,1628407,Dwayne Bacon,1610612766,CHA,53,713.0316666666666,8.715969485903816,6.2398417910447765,1.881857048092869,0.7923608623548923,0.09904510779436154,1.1885412935323383,0.37141915422885574,0.25355547595356553,0.7923608623548923
98,202779,Dwight Buycks,1610612765,DET,29,427.2366666666667,18.283742980853802,3.535530410662337,5.050757729517624,1.6162424734456398,0.20203030918070497,3.333500101481632,0.41820274000405927,0.3363804647858738,0.8869130573032948
99,2730,Dwight Howard,1610612766,CHA,78,2384.3716666666664,19.51188623548922,14.460585737976784,1.485676616915423,0.6933157545605306,1.881857048092869,3.0703983416252076,0.5516812504145938,0.14163450414593698,0.5665380165837479
100,203939,Dwight Powell,1610612742,DAL,76,1587.0466666666666,14.687783584383645,9.79185572292243,1.9379714451617307,1.4279789595928543,0.7139894797964271,1.3259804624790792,0.6140309526249274,0.34985484510024933,0.7323492092769067
101,2548,Dwyane Wade,1610612748,MIA,64,1476.0183333333334,18.440941999317644,6.113019447287616,5.501717502558854,1.4263712043671102,1.1207202320027296,3.3621606960081887,0.45236343909928356,0.2975002797679973,0.7345811702490618
102,202734,E'Twaun Moore,1610612740,NOP,78,2468.215,13.678186336614365,3.2982860669850242,2.522218757106195,1.0670925510833904,0.19401682746970733,1.3581177922879513,0.4879523210863139,0.41519601078517365,0.6625674658090506
103,202334,Ed Davis,1610612757,POR,76,1438.91,10.367736205211177,14.192726261502678,1.0065763306030269,0.8052610644824215,1.308549229783935,1.610522128964843,0.5888471534027707,0.0,0.671386412512219
104,202327,Ekpe Udoh,1610612762,UTA,59,783.0583333333333,7.439791474693696,6.7263868127367665,2.3440438892870548,1.9363840824545235,3.3631934063683833,0.9172345653731955,0.5136513566089894,0.0,0.7643621378109962
105,203901,Elfrid Payton,1610612756,PHX,63,1808.51,15.421331969209785,5.334423008217221,7.565181720744422,1.648821657085323,0.3879580369612525,3.2006538049303326,0.47815828055474363,0.31618580012342073,0.6294619149696321
106,2731,Emeka Okafor,1610612740,NOP,24,341.4166666666667,11.155967579508172,11.932034889387001,0.6790588961439756,0.7760673098788293,2.522218757106195,1.3581177922879513,0.4850420686742683,0.0,0.7857681512523147
107,1626144,Emmanuel Mudiay,1610612752,NYK,63,1236.4566666666667,16.156864267231242,4.41554054508183,6.021191652384314,1.2042383304768627,0.30105958261921567,3.3116554088113723,0.3903739254629163,0.32113022146049675,0.7626842759686797
108,202683,Enes Kanter,1610612752,NYK,71,1829.7,19.769579258661828,15.354038713580001,2.10741707833451,0.7024723594448365,0.7024723594448365,2.4084766609537254,0.5940909097019189,0.0,0.8509950868703163
109,202339,Eric Bledsoe,1610612749,MIL,70,2208.78,20.56869672909881,4.356916055917481,5.572799606406081,2.3304434717698155,0.709265404451683,3.445003393051032,0.47622105727470143,0.34956652076547234,0.794377252985885
110,201569,Eric Gordon,1610612745,HOU,68,2127.0333333333333,20.849799224961583,2.8930343422195497,2.5937549275071827,0.6983186343288568,0.49879902452061203,2.194715707890693,0.42896716108772637,0.36013289570388185,0.8070568216743503
111,203961,Eric Moreland,1610612765,DET,63,714.765,5.7578638116500915,12.525879169203709,3.6365455652526895,1.3131970096745824,2.323348555578107,2.0203030918070497,0.5252788038698329,0.0,0.38890834517285705
112,101141,Ersan Ilyasova,1610612755,PHI,65,1627.3616666666667,14.93544277728744,8.004616390441633,1.7571109149749928,1.2690245497041615,0.4880863652708313,1.464259095812494,0.4402539014742899,0.3475174920728319,0.7536053479781636
113,203095,Evan Fournier,1610612753,ORL,57,1837.0183333333334,19.75518732754895,3.474530434493534,3.1767135401083744,0.8934506831554803,0.29781689438516007,1.8861736644393472,0.45565984840929497,0.3762420099065856,0.8606908247731127
114,202323,Evan Turner,1610612757,POR,75,1910.18,11.676285434995112,4.428935854653319,3.1203866248693832,0.8052610644824215,0.5032881653015134,1.7111797620251457,0.44792646711834694,0.3221044257929686,0.8545833046819697
115,1626163,Frank Kaminsky,1610612766,CHA,76,1755.165,16.63957810945274,5.546526036484245,2.4761276948590383,0.6933157545605306,0.39618043117744617,1.2875864013267,0.4209417081260365,0.3753809585406302,0.7864181558872306
116,1628412,Frank Mason,1610612758,SAC,51,972.345,15.461979563145084,4.81266913554847,5.529449645098242,1.3311638034495767,0.4095888625998698,2.355135959949251,0.38808544731337663,0.36555805987038376,0.842729084799232
117,1628373,Frank Ntilikina,1610612752,NYK,74,1565.675,9.533553449608497,3.7130681856369936,5.218366098733072,1.404944718889673,0.40141277682562093,2.9102426319857515,0.35625383943273853,0.3110949020398562,0.7235465302281817
118,1627832,Fred VanVleet,1610612761,TOR,73,1478.305,15.733666133119916,4.381527277577699,5.676069427771109,1.5932826463918903,0.3983206615979726,1.6928628117913833,0.4281947112178205,0.41823669467787117,0.8334859843937575
119,202066,Garrett Temple,1610612758,SAC,65,1615.0766666666666,12.492460309296028,3.481505332098893,2.867122038199088,1.3311638034495767,0.6143832938998046,1.843149881699414,0.4280203614168639,0.4013970853478724,0.7874345883482496
120,203914,Gary Harris,1610612743,DEN,65,2265.03,18.253239966414778,2.808190764063812,3.1090683459277924,1.9055580184718726,0.2005850545759866,1.9055580184718726,0.4874216826196474,0.4001671838790933,0.8294192006717045
121,201588,George Hill,1610612739,CLE,65,1783.5266666666666,13.252116449783117,3.587039039039039,3.686679012345679,1.1956796796796796,0.49819986653319986,1.6938795462128795,0.45834387721054387,0.41450228895562224,0.780180990990991
122,101123,Gerald Green,1610612745,HOU,37,824.8833333333333,18.754843321975013,5.087750050110242,0.9975980490412241,0.9975980490412241,0.5985588294247344,0.8978382441371017,0.4000368176655309,0.36711608204717044,0.828006380704216
123,203507,Giannis Antetokounmpo,1610612749,MIL,73,2698.153333333333,26.85076173995657,9.929715662323563,4.762210572747015,1.418530808903366,1.418530808903366,2.938385247014115,0.5410681799674268,0.3201826682953312,0.7680331093919653
124,201609,Goran Dragic,1610612748,MIA,73,2324.09,20.17296417604913,4.7885319003752995,5.501717502558854,1.018836574547936,0.20376731490958722,2.54709143636984,0.45949529512111914,0.37900720573183216,0.8140504230638009
125,203476,Gorgui Dieng,1610612750,MIN,75,1281.44,12.54370054200542,9.711252032520324,1.9220186314363141,1.2139065040650405,1.0115887533875338,1.6185420054200543,0.4815162466124661,0.28122167344173443,0.7849928726287263
126,202328,Greg Monroe,1610612738,BOS,47,951.43,17.958046070736927,12.377862263445792,3.6524839465905616,1.4204104236741073,0.811663099242347,3.3481102843746813,0.5600475384772196,0.0,0.7487592090510651
127,203084,Harrison Barnes,1610612742,DAL,75,2560.5416666666665,20.297700925641287,6.629902312395395,2.1419684393892817,0.7139894797964271,0.20399699422755063,1.631975953820405,0.4549132971274379,0.3692345595518666,0.8496474809577483
128,202355,Hassan Whiteside,1610612748,MIA,51,1303.33,20.07108051859434,16.70891982258615,1.4263712043671102,1.018836574547936,2.54709143636984,2.54709143636984,0.5542470965540772,1.018836574547936,0.7213362947799387
129,203546,Ian Clark,1610612740,NOP,72,1397.79,13.193144267940097,3.0072608257804636,2.522218757106195,0.7760673098788293,0.29102524120456097,1.455126206022805,0.43168744112009877,0.3026662508527434,0.7401741967969334
130,101133,Ian Mahinmi,1610612764,WAS,74,1095.62,11.890827427954378,9.875432948640077,1.713085307417156,1.2092366875885807,1.310006411554296,3.123861442937167,0.5743874266045758,0.0,0.7154650401565769
131,203477,Isaiah Canaan,1610612756,PHX,20,421.6933333333333,14.257457858326026,3.685601351131898,6.304318100620352,1.3578531293643834,0.09698950924031312,2.424737731007828,0.3685601351131898,0.32297506577024265,0.8748453733476242
132,1627819,Isaiah Taylor,1610612737,ATL,64,1086.14,13.561083598514983,2.870594338371785,6.335104746751526,0.9898601166799258,0.2969580350039777,2.4746502916998145,0.4197006894722885,0.2583534904534606,0.6938919417926279
133,202738,Isaiah Thomas,1610612747,LAL,32,861.68,19.671619613187957,2.7133268431983386,6.201889927310489,0.5814271806853583,0.0969045301142264,3.8761812045690553,0.3614538973260644,0.2839302732346833,0.8653574539200416
134,202397,Ish Smith,1610612765,DET,78,1966.2183333333332,15.657348961504635,4.040606183614099,6.363954739192207,1.1111667004938774,0.30304546377105746,1.919287937216697,0.4848727420336919,0.33335001014816323,0.7050857790406603
135,1628397,Ivan Rabb,1610612763,MEM,32,401.24333333333334,14.24200343112026,11.168189740950421,2.1516695831188883,0.7172231943729627,0.6147627380339681,2.7664323211528563,0.5819753920054898,0.0,0.827880487219077
136,1627826,Ivica Zubac,1610612747,LAL,39,335.7083333333333,14.244965926791277,10.271880192107997,2.228804192627207,0.5814271806853583,1.1628543613707165,2.228804192627207,0.4990583300882659,0.0,0.7103102057372794
137,200826,J.J. Barea,1610612742,DAL,69,1603.2616666666668,18.359729480479555,4.589932370119889,9.893854220036204,0.8159879769102025,0.10199849711377532,3.26395190764081,0.4477734023294736,0.3743344844075554,0.7996682173719984
138,200755,JJ Redick,1610612755,PHI,67,2021.0183333333334,19.52345461083325,2.928518191624988,3.5142218299499857,0.5857036383249976,0.09761727305416627,1.7571109149749928,0.44708711058808154,0.4070640286358733,0.8844124938707464
139,2747,JR Smith,1610612739,CLE,76,2152.11,10.561837170503837,3.686679012345679,2.291719386052719,1.0960397063730398,0.19927994661327997,1.2953196529863198,0.4005526926926927,0.3716571004337671,0.6934942142142142
140,203210,JaMychal Green,1610612763,MEM,55,1541.6133333333332,13.627240693086293,11.065729284611425,1.8442882141019041,0.7172231943729627,0.6147627380339681,1.8442882141019041,0.4682442854692057,0.347340946989192,0.7387398902041515
141,201580,JaVale McGee,1610612744,GSW,62,583.75,17.389517453462886,9.378616154676612,1.9538783655576275,1.1723270193345765,3.419287139725848,1.3677148558903391,0.597886779860634,0.0,0.7327043870841103
142,203953,Jabari Parker,1610612749,MIL,27,621.265,18.846195032573295,6.788683156894681,3.039708876221499,1.2158835504885994,0.6079417752442997,1.9251489549402825,0.4954725468241043,0.3870562635722042,0.7599272190553747
143,203109,Jae Crowder,1610612762,UTA,76,2006.8683333333333,13.3508586737654,4.790002730282243,1.732554179038258,1.1210644687894613,0.3057448551243985,1.324894372205727,0.4158130029691819,0.3342810416026757,0.8326451554554452
144,1626143,Jahlil Okafor,1610612751,BKN,28,352.84833333333336,17.746889857369258,8.577663431061808,1.1831259904912839,0.29578149762282097,1.7746889857369257,2.0704704833597467,0.5501535855784471,0.2464845813523508,0.7138193475964079
145,1627751,Jakob Poeltl,1610612761,TOR,78,1428.6783333333333,12.945421501934108,9.161375216753369,1.394122315592904,0.8962214885954383,2.3899239695878354,1.8920231425903695,0.6403004635187409,0.4979008269974657,0.595489389088969
146,2037,Jamal Crawford,1610612750,MIN,76,1565.6083333333333,18.714391937669376,2.124336382113821,4.046355013550135,0.9104298780487805,0.2023177506775068,2.124336382113821,0.42587886517615176,0.342928587398374,0.9104298780487805
147,1627750,Jamal Murray,1610612743,DEN,77,2413.8016666666667,19.15587271200672,4.212286146095718,3.811116036943745,1.2035103274559196,0.4011701091519732,2.5073131821998325,0.4503134475230899,0.3831174542401344,0.9146678488664989
148,2749,Jameer Nelson,1610612765,DET,50,1013.1483333333333,8.88933360395102,3.7375607198430423,6.464969893782559,1.0101515459035249,0.10101515459035249,2.4243637101684596,0.3929489513564712,0.33436016169406674,0.8081212367228199
149,203516,James Ennis III,1610612765,DET,68,1539.49,11.515727623300183,5.151772884107976,1.6162424734456398,1.0101515459035249,0.40406061836140994,1.3131970096745824,0.48184228739598134,0.34143122251539143,0.8414562377376361
150,201935,James Harden,1610612745,HOU,69,2449.201666666667,31.12505913008619,5.486789269726732,8.878622636466895,1.7956764882742033,0.6983186343288568,4.389431415781386,0.44792152401950963,0.3641232879000468,0.8589319202244939
151,201949,James Johnson,1610612748,MIA,70,1872.515,14.773130330945072,6.826205049471171,5.297950187649267,1.3244875469123167,0.9169529170931424,2.6489750938246335,0.5124747969976118,0.3148205015353122,0.7060537461617196
152,201162,Jared Dudley,1610612756,PHX,45,625.535,7.565181720744422,4.752485952775343,4.170548897333464,1.2608636201240704,0.48494754620156555,1.4548426386046966,0.3704999252979961,0.3617708694663679,0.8030731365097925
153,1626185,Jarell Martin,1610612763,MEM,73,1660.8266666666666,12.500175673357349,7.069771487390633,1.639367301423915,0.8196836507119575,1.1270650197289416,1.9467486704408987,0.45697363527191626,0.3555377834963115,0.7858717001200892
154,1628386,Jarrett Allen,1610612751,BKN,68,1341.3,14.690481048600107,9.56360175647121,1.2817198230322242,0.6901568277865822,1.9718766508188064,2.0704704833597467,0.5787457970153196,0.2819783610670893,0.7611443872160593
155,101127,Jarrett Jack,1610612752,NYK,58,1482.5183333333334,10.637438585878954,4.315187350875425,8.128608730718822,0.8028255536512419,0.10035319420640523,2.7095362435729413,0.4265010753772222,0.29704545485095946,0.8319279799710992
156,1891,Jason Terry,1610612749,MIL,47,761.58,7.39662493213898,2.2291198425624326,2.6344143593919656,1.722501696525516,0.6079417752442997,1.1145599212812163,0.3921224450325734,0.35361946593376764,0.9007670636536375
157,1628393,Jawun Evans,1610612746,LAC,48,777.8583333333333,10.533889493291134,3.839455048956582,4.528588006461609,1.6736086110836383,0.2953426960735832,1.9689513071572216,0.34653543005967097,0.27368423169485384,0.7639531071770019
158,1627759,Jaylen Brown,1610612738,BOS,67,2061.675,16.74055142187341,5.98601535691231,1.9276998607005742,1.2174946488635205,0.4058315496211735,2.0291577481058676,0.4687354398124554,0.3855399721401148,0.6544033737641423
159,1628369,Jayson Tatum,1610612738,BOS,78,2387.838333333333,16.53763564706282,6.087473244317603,1.9276998607005742,1.1160367614582272,0.9131209866476404,1.7247840858899874,0.48192496517514355,0.4352543369687086,0.8400713077158292
160,201145,Jeff Green,1610612739,CLE,74,1714.9416666666666,16.340955622288956,4.981998665331998,1.9927994661327995,0.7971197864531199,0.6974798131464798,1.4945995995995995,0.4633258758758759,0.2899523223223223,0.8588965699032366
161,201952,Jeff Teague,1610612750,MIN,66,2166.32,15.376149051490513,3.3382428861788616,7.789233401084011,1.6185420054200543,0.4046355013550136,2.8324485094850944,0.4481338177506775,0.37732260501355014,0.8517577303523035
162,203924,Jerami Grant,1610612760,OKC,78,1584.5583333333334,14.658955685562505,7.028266424584763,1.2048456727859593,0.7028266424584763,1.606460897047946,1.2048456727859593,0.5301320960258221,0.2881589234079753,0.6606570439109678
163,203087,Jeremy Lamb,1610612766,CHA,77,1900.5533333333333,18.818570480928692,5.942706467661692,3.367533665008292,1.089496185737977,0.5942706467661691,1.683766832504146,0.44966478938640136,0.3595337412935323,0.8507974759535656
164,1626170,Jerian Grant,1610612741,CHI,70,1573.5633333333333,13.00856311519021,3.77347632349029,7.447650638467678,1.290926110667731,0.19860401702580477,1.886738161745145,0.4111103152434158,0.33266172851822295,0.7487371441872839
165,201573,Jerryd Bayless,1610612755,PHI,39,924.6916666666667,11.714072766499951,3.0261354646791543,2.0499627341374915,0.8785554574874964,0.19523454610833255,1.7571109149749928,0.40608785590533164,0.3611839103004152,0.7760573207806218
166,202710,Jimmy Butler,1610612750,MIN,56,2076.6716666666666,21.749158197831978,5.361420392953929,4.855626016260162,1.9220186314363141,0.4046355013550136,1.820859756097561,0.4784814803523035,0.360125596205962,0.8750242716802168
167,201975,Jodie Meeks,1610612764,WAS,74,1086.8516666666667,15.51853749072012,4.131558682594317,2.3177036512114464,1.0076972396571506,0.10076972396571507,1.2092366875885807,0.40106350138354596,0.33455548356617404,0.8827427819396639
168,203925,Joe Harris,1610612751,BKN,76,1915.8883333333333,15.084856378763869,4.633910129424195,2.169064315900687,0.5915629952456419,0.29578149762282097,1.6760951531959853,0.47818008782356053,0.40522065174326466,0.8124131801373482
169,204060,Joe Ingles,1610612762,UTA,78,2460.965,13.3508586737654,4.891917681990376,5.401492440531039,1.324894372205727,0.20382990341626567,2.2421289375789226,0.471866226408655,0.45046408654994713,0.825511108835876
170,2207,Joe Johnson,1610612745,HOU,51,1128.8833333333334,11.272857954165833,5.087750050110242,2.49399512260306,0.5985588294247344,0.19951960980824482,1.4963970735618362,0.40901520010690184,0.2763346595844191,0.8788838812053185
171,1626202,Joe Young,1610612754,IND,50,520.125,13.503533591731266,4.2642737658098735,2.5382581939344484,1.0153032775737794,0.10153032775737794,1.7260155718754249,0.43962631918944645,0.37261630286957703,0.7706151876784986
172,203954,Joel Embiid,1610612755,PHI,63,1911.8983333333333,26.551898270733222,12.690245497041614,3.611839103004152,0.7809381844333302,2.0499627341374915,4.295160014383316,0.47149142885162304,0.3006612010068321,0.7506768297865386
173,203530,Joffrey Lauvergne,1610612759,SAS,52,522.6083333333333,15.769171210094987,11.878077015396222,2.6623276068991535,0.6143832938998046,0.2047944312999349,2.355135959949251,0.5345134656928301,0.0,0.6594380687857904
174,1628381,John Collins,1610612737,ATL,71,1690.3583333333333,15.639789843542829,10.888461283479185,1.7817482100238664,0.8908741050119332,1.6827621983558738,2.078706245027844,0.572139147440997,0.34546118072129406,0.7255674655263856
175,203089,John Henson,1610612749,MIL,72,1868.7083333333333,12.361482763300762,9.52442114549403,2.127796213355049,0.8105890336590664,2.026472584147666,1.6211780673181329,0.58159763165038,0.1448927897665581,0.6008491211997828
176,202322,John Wall,1610612764,WAS,39,1335.13,20.153944793143012,3.7284797867314574,9.976202672605792,1.4107761355200108,1.108466963622866,3.9300192346628875,0.41718665721806036,0.35974791455760274,0.722518920834177
177,203948,Johnny O'Bryant III,1610612766,CHA,36,379.06166666666667,16.045307462686566,8.715969485903816,1.2875864013267,0.8914059701492538,0.5942706467661691,1.3866315091210613,0.3941995290215589,0.3228870514096186,0.8319789054726369
178,201973,Jonas Jerebko,1610612762,UTA,70,1068.6116666666667,13.6566035288898,8.153196136650626,1.4268093239138595,0.8153196136650627,0.40765980683253134,0.8153196136650627,0.46575132930616703,0.41479385345210057,0.8153196136650627
179,202685,Jonas Valanciunas,1610612761,TOR,74,1656.7066666666667,20.21477357609711,13.64248265973056,1.6928628117913833,0.5974809923969588,1.394122315592904,2.3899239695878354,0.5616321328531413,0.406287074829932,0.8006245298119249
180,1628371,Jonathan Isaac,1610612753,ORL,27,535.825,9.629412918453509,6.6512439746019085,1.1912675775406403,2.183990558824507,1.9854459625677339,1.7869013663109605,0.3762420099065856,0.3454675974867857,0.7544694657757389
181,203613,Jonathon Simmons,1610612753,ORL,69,2029.2466666666667,16.975562979954127,4.1694365213922415,2.9781689438516006,0.9927229812838669,0.29781689438516007,2.581079751338054,0.46161618629699813,0.33554036767394707,0.7624112496260098
182,1628395,Jordan Bell,1610612744,GSW,53,774.435,11.625576275067884,9.18322831812085,4.4939202407825425,1.563102692446102,2.5400418752249156,2.051572283835509,0.6164486243334315,0.0,0.6740880361173814
183,203903,Jordan Clarkson,1610612739,CLE,77,1819.0483333333334,21.522234234234237,4.184878878878879,4.284518852185519,1.0960397063730398,0.09963997330663998,2.391359359359359,0.4513690790790791,0.3467471071071071,0.7931341875208542
184,101181,Jose Calderon,1610612739,CLE,55,888.225,10.163277277277276,3.1884791458124795,4.683078745412079,1.0960397063730398,0.09963997330663998,1.6938795462128795,0.5091602635969302,0.471297073740407,0.7971197864531199
185,1628404,Josh Hart,1610612747,LAL,59,1311.8083333333334,10.659498312564903,6.298794457424715,1.9380906022845277,1.0659498312564903,0.3876181204569056,1.0659498312564903,0.44285370262201457,0.37405148624091383,0.6502293970664591
186,203962,Josh Huestis,1610612760,OKC,67,978.6483333333333,5.723016945733307,5.9238245578643,0.7028266424584763,0.6024228363929797,1.606460897047946,1.0040380606549661,0.32932448389482893,0.2841427711653554,0.30121141819648983
187,1628367,Josh Jackson,1610612756,PHX,76,1929.2183333333332,17.943059209457925,6.110339082139726,2.1337692032868887,1.4548426386046966,0.5819370554418787,2.5217272402481408,0.40832583390171817,0.25993188476403917,0.6090941180291664
188,1626196,Josh Richardson,1610612748,MIA,78,2601.3633333333332,14.365595701125898,3.8715789832821565,3.158393381098602,1.6301385192766977,1.018836574547936,1.9357894916410783,0.46255180484476294,0.38919557147731154,0.8619357420675539
189,201950,Jrue Holiday,1610612740,NOP,77,2787.673333333333,18.23758178215249,4.365378618068415,5.626487996621512,1.3581177922879513,0.6790588961439756,2.522218757106195,0.4743711431634344,0.3259482701491083,0.7624861319559498
190,203944,Julius Randle,1610612747,LAL,78,2098.62,21.028283034787126,10.368784722222223,3.294754023883697,0.6783317107995847,0.7752362409138112,3.294754023883697,0.5416963233385256,0.22578755516614749,0.6822078920041537
191,1626147,Justin Anderson,1610612755,PHI,36,484.495,15.130677323395771,6.2475054754666415,1.7571109149749928,0.9761727305416626,0.3904690922166651,0.9761727305416626,0.41096871955804,0.30749441012062373,0.7047967114510804
192,203200,Justin Holiday,1610612741,CHI,69,2180.4416666666666,13.80297918329343,4.567892391593509,2.383248204309657,1.1916241021548284,0.49651004256451187,1.4895301276935355,0.37138951183825486,0.3654313913274807,0.8222206304868316
193,1628382,Justin Jackson,1610612758,SAC,65,1412.825,11.468488152796352,4.710271919898502,1.843149881699414,0.716780509549772,0.3071916469499023,1.0239721564996744,0.4618114425813532,0.3235752014538971,0.7393078969927649
194,1626159,Justise Winslow,1610612748,MIA,65,1586.9033333333334,11.512853292391677,8.048808938928694,3.2602770385533955,1.222603889457523,0.7131856021835551,1.7320221767314912,0.42994903445922894,0.4024404469464347,0.6653002831798022
195,203994,Jusuf Nurkic,1610612757,POR,75,1965.645,19.82955371287963,12.078915967236323,2.516440826507567,1.1072339636633297,1.912495028145751,3.221044257929686,0.5063078942933226,0.0,0.6492417332389524
196,1626157,Karl-Anthony Towns,1610612750,MIN,78,2770.375,21.749158197831978,12.54370054200542,2.427813008130081,0.8092710027100272,1.4162242547425472,2.0231775067750677,0.5472695155826558,0.42891363143631434,0.865919972899729
197,203482,Kelly Olynyk,1610612748,MIA,73,1720.31,18.033407369498466,8.76199454111225,4.279113613101331,1.3244875469123167,0.7131856021835551,3.056509723643808,0.5114559604230638,0.3881767349027636,0.7732969600818834
198,1626162,Kelly Oubre Jr.,1610612764,WAS,77,2120.7433333333333,15.619307214685834,5.945413713977189,1.612315583451441,1.2092366875885807,0.6046183437942904,1.4107761355200108,0.4111404737801174,0.3406016670041169,0.8273194337585206
199,202689,Kemba Walker,1610612766,CHA,77,2662.745,23.176555223880598,3.26848855721393,5.744616252072968,1.1885412935323383,0.29713532338308457,2.278037479270315,0.4268844145936982,0.3823141160862355,0.8527783781094528
200,202702,Kenneth Faried,1610612743,DEN,32,460.75333333333333,14.743001511335013,12.035103274559194,1.404095382031906,0.9026327455919396,1.002925272879933,1.8052654911838792,0.5155035902602856,0.0,0.7080652426532326
201,203145,Kent Bazemore,1610612737,ATL,65,1789.2083333333333,16.629649960222753,4.949300583399629,4.553356536727659,1.9797202333598516,0.8908741050119332,3.167552373375763,0.4157412490055688,0.39000488597189076,0.787928652877221
202,203484,Kentavious Caldwell-Pope,1610612747,LAL,70,2376.595,14.244965926791277,5.6204627466251305,2.228804192627207,1.5504724818276223,0.1938090602284528,1.3566634215991693,0.41959661539460025,0.3759895768431984,0.7616696066978194
203,201142,Kevin Durant,1610612744,GSW,64,2196.435,27.158909281251024,7.0339621160074595,5.470859423561357,0.781551346223051,1.856184447279746,3.126205384892204,0.5050775574966467,0.41519915268099583,0.8694758726731443
204,201567,Kevin Love,1610612739,CLE,56,1556.0483333333334,22.518633967300634,12.156076743410075,2.1920794127460796,0.8967597597597597,0.49819986653319986,1.9927994661327995,0.45336187854521187,0.40553469135802467,0.8788245645645646
205,1626172,Kevon Looney,1610612744,GSW,62,819.2283333333334,9.964779664343899,8.401676971897798,1.6607966107239833,1.2700209376124578,2.1492662021133904,1.2700209376124578,0.555878395001145,0.24423479569470344,0.540247368076684
206,203920,Khem Birch,1610612753,ORL,38,480.975,9.728685216581896,10.82068049599415,2.183990558824507,0.7941783850270936,1.290539875669027,1.3898121737974136,0.5013251055483529,0.0,0.6700880123666102
207,203114,Khris Middleton,1610612749,MIL,78,2856.6783333333333,20.163402212269272,5.268828718783931,3.9516215390879483,1.418530808903366,0.2026472584147666,2.3304434717698155,0.4741945846905538,0.3657783014386537,0.8886082281487515
208,202691,Klay Thompson,1610612744,GSW,69,2367.0666666666666,20.320335001799325,3.907756731115255,2.7354297117806783,0.781551346223051,0.4884695913894069,1.856184447279746,0.47967713874439755,0.4288763012398992,0.812813400071973
209,1628424,Kobi Simmons,1610612763,MEM,28,523.2333333333333,10.246045633899467,3.176274146508835,3.6885764282038083,1.2295254760679362,0.30738136901698404,2.4590509521358723,0.4211124755532681,0.1967240761708698,1.0246045633899468
210,201585,Kosta Koufos,1610612758,SAC,71,1391.065,12.594857524945997,12.492460309296028,2.355135959949251,1.2287665877996092,0.8191777251997396,1.3311638034495767,0.5846881013613141,0.0,0.45669158179885483
211,1627739,Kris Dunn,1610612741,CHI,52,1524.8333333333333,16.38483140462889,5.163704442670924,7.249046621441873,2.4825502128225594,0.5958120510774142,3.4755702979515832,0.4260056165203512,0.31875944732641665,0.7249046621441874
212,204001,Kristaps Porzingis,1610612752,NYK,48,1553.1683333333333,25.289004940014117,7.325783177067581,1.304591524683268,0.8028255536512419,2.7095362435729413,2.207770272540915,0.44055052256611893,0.3963951171153007,0.7958008300567935
213,203937,Kyle Anderson,1610612759,SAS,71,1905.9066666666668,10.854104858896548,7.474996742447623,3.7886969790487957,2.1503415286493164,1.126369372149642,1.843149881699414,0.5375853821623291,0.33483889517539356,0.7270202311147688
214,1627858,Kyle Collinsworth,1610612742,DAL,29,408.59,7.649887283533149,8.261878266215799,3.977941387437237,1.4279789595928543,0.5099924855688766,1.8359729480479556,0.3906542439457594,0.2723359872937801,0.5385520647607337
215,2594,Kyle Korver,1610612739,CLE,70,1515.79,15.444195862529195,3.686679012345679,1.9927994661327995,0.6974798131464798,0.5978398398398398,1.1956796796796796,0.4553546780113447,0.43542668335001666,0.8828101634968302
216,1628398,Kyle Kuzma,1610612747,LAL,76,2382.6216666666664,18.121147131360335,7.074030698338526,2.034995132398754,0.6783317107995847,0.4845226505711319,2.034995132398754,0.4380084761163033,0.3566086708203531,0.6851150279075805
217,200768,Kyle Lowry,1610612761,TOR,74,2386.49,18.12359010270775,6.173970254768575,7.568092570361478,1.1949619847939177,0.1991603307989863,2.589084300386822,0.4262031079098306,0.3993164632519675,0.8504146125116714
218,203124,Kyle O'Quinn,1610612752,NYK,73,1288.845,14.250153577309542,12.042383304768627,4.114480962462614,0.9031787478576471,2.5088298551601307,2.7095362435729413,0.5880697180495346,0.07727195953893203,0.7697089995631281
219,202681,Kyrie Irving,1610612738,BOS,60,1931.3916666666667,27.698003261645095,4.261231271022322,5.783099582101722,1.2174946488635205,0.30437366221588014,2.637905072537628,0.4981582271599905,0.41394818061359695,0.9019606190330581
220,200746,LaMarcus Aldridge,1610612759,SAS,72,2415.985,25.599303912491862,9.318146624147037,2.252738744299284,0.6143832938998046,1.3311638034495767,1.6383554503994793,0.5242737441278333,0.3071916469499023,0.8570646949902274
221,202362,Lance Stephenson,1610612754,IND,78,1747.3783333333333,15.128018835849312,8.122426220590235,4.568864749082007,0.9137729498164014,0.3045909832721338,2.7413188494492045,0.44165692574459403,0.29646855705154357,0.6822838025295798
222,202498,Lance Thomas,1610612752,NYK,70,1301.8366666666666,7.827549148099608,4.61624693349464,1.2042383304768627,0.8028255536512419,0.40141277682562093,1.1038851362704576,0.3783315421581477,0.40141277682562093,0.8329315119131634
223,204038,Langston Galloway,1610612765,DET,54,781.9883333333333,15.152273188552872,3.838575874433394,2.4243637101684596,1.4142121642649348,0.20203030918070497,0.8081212367228199,0.3818372843515324,0.34850228333671607,0.8020603274473987
224,1626204,Larry Nance Jr.,1610612739,CLE,62,1366.85,14.547436102769435,11.259316983650317,2.0924394394394397,2.291719386052719,0.8967597597597597,1.2953196529863198,0.5878758425091758,0.16639875542208876,0.6596166232899566
225,1628374,Lauri Markkanen,1610612741,CHI,65,1949.1233333333332,18.072965549348233,8.937180766161214,1.3902281191806332,0.5958120510774142,0.6951140595903166,1.4895301276935355,0.4299776968608673,0.3545081703910615,0.8460531125299282
226,2544,LeBron James,1610612739,CLE,78,2897.415,26.504232899566233,8.369757757757759,8.768317650984319,1.3949596262929596,0.8967597597597597,4.085238905572239,0.5400486553219886,0.3646823023023023,0.7293646046046046
227,1628366,Lonzo Ball,1610612747,LAL,52,1780.0566666666666,10.368784722222223,7.074030698338526,7.364744288681205,1.7442815420560749,0.8721407710280374,2.7133268431983386,0.34885630841121495,0.29555881684839047,0.437039430815161
228,101150,Lou Williams,1610612746,LAC,77,2526.845,24.513443774107408,2.75653183002011,5.709958790755942,1.1813707842943328,0.2953426960735832,3.150322091451555,0.4302158606138529,0.35342675963472125,0.8673230508027561
229,201601,Luc Mbah a Moute,1610612745,HOU,58,1506.6,10.474779514932854,4.289671610877264,1.2968774637535914,1.4963970735618362,0.5985588294247344,1.5961568784659586,0.4868278479321173,0.3541473074096345,0.6953258401817332
230,203512,Lucas Nogueira,1610612761,TOR,47,403.59,10.45591736694678,7.568092570361478,1.8920231425903695,2.091183473389356,3.6844661197812463,1.294542150193411,0.6074390089369082,0.27683285981059097,0.6761493230625585
231,202337,Luke Babbitt,1610612748,MIA,49,708.0866666666667,13.448642784032755,4.992299215284887,1.6301385192766977,0.40753462981917443,0.40753462981917443,1.018836574547936,0.4391185636301604,0.4024404469464347,0.7875606721255545
232,1628379,Luke Kennard,1610612765,DET,69,1338.545,13.43501556051688,4.242636492794804,3.0304546377105748,1.1111667004938774,0.30304546377105746,1.7172576280359921,0.44143622555984036,0.4050707699073135,0.8566085109261891
233,1627781,Malachi Richardson,1610612761,TOR,26,323.315,9.858436374549822,3.784046285180739,1.394122315592904,1.0953818193944247,0.09958016539949315,1.0953818193944247,0.3316019507803122,0.2987404961984794,0.769754678538082
234,1627763,Malcolm Brogdon,1610612749,MIL,46,1403.85,15.806486156351793,3.9516215390879483,3.850297909880565,1.1145599212812163,0.30397088762214985,1.722501696525516,0.4934460742399566,0.38300331840390883,0.8936744096091206
235,1627098,Malcolm Delaney,1610612737,ATL,54,1014.1333333333333,11.878321400159109,3.4645104083797404,5.74118867674357,1.1878321400159109,0.19797202333598518,2.2766782683638294,0.37812656457173166,0.36723810328825246,0.7958475338106604
236,1627736,Malik Beasley,1610612743,DEN,61,580.9816666666667,12.035103274559194,4.412871200671705,1.9055580184718726,0.9026327455919396,0.4011701091519732,1.5043879093198993,0.40819058606213265,0.3339741158690177,0.6689511570109153
237,1628370,Malik Monk,1610612766,CHA,60,778.3883333333333,16.342442786069654,2.971353233830846,3.4665787728026536,0.7923608623548923,0.39618043117744617,2.0799472636815923,0.34368652404643446,0.334772464344942,0.7705709386401327
238,1938,Manu Ginobili,1610612759,SAS,62,1240.7083333333333,15.973965641394921,3.8910941946987627,4.607874704248535,1.2287665877996092,0.5119860782498372,2.9695192538490556,0.43723611082536096,0.33176697870589456,0.851944834207729
239,201188,Marc Gasol,1610612763,MEM,72,2373.6183333333333,19.262565791731,9.016520157831533,4.61072053525476,0.8196836507119575,1.5369068450849201,2.9713532338308455,0.4293093120603877,0.346316342425802,0.8534956013038256
240,101162,Marcin Gortat,1610612764,WAS,78,1966.5283333333334,12.193136599851522,10.883130188297228,2.720782547074307,0.7053880677600054,1.108466963622866,1.713085307417156,0.5260179591010327,0.0,0.6781802422892624
241,201158,Marco Belinelli,1610612755,PHI,76,1837.78,17.180640057533264,2.6356663724624894,2.6356663724624894,1.1714072766499952,0.19523454610833255,1.6594936419208264,0.4314683468994149,0.36704094668366516,0.8863648393318297
242,202694,Marcus Morris,1610612738,BOS,52,1393.115,18.769709169979276,7.5078836679917105,1.8262419732952808,0.9131209866476404,0.30437366221588014,1.623326198484694,0.43728349471681444,0.3845253932660619,0.8248526246050352
243,203935,Marcus Smart,1610612738,BOS,54,1613.5883333333334,12.479320150851086,4.261231271022322,5.8845574695070155,1.623326198484694,0.5072894370264669,2.9422787347535078,0.3723504467774267,0.30538824108993307,0.7396279991845887
244,201596,Mario Chalmers,1610612763,MEM,62,1353.2283333333332,12.910017498713328,4.098418253559787,5.123022816949733,2.0492091267798935,0.30738136901698404,2.9713532338308455,0.3883251295247898,0.2879138823125751,0.8770615062617945
245,1626209,Mario Hezonja,1610612753,ORL,71,1543.83,15.486478508028323,6.055610185831588,2.183990558824507,1.7869013663109605,0.6949060868987068,1.7869013663109605,0.4417617266713208,0.32859130680495996,0.8001347229147968
246,202693,Markieff Morris,1610612764,WAS,69,1871.4866666666667,15.417767766754405,7.557729297428629,2.620012823108592,1.108466963622866,0.7053880677600054,2.4184733751771614,0.4917562529526895,0.3799018593507458,0.8343733144361207
247,1627737,Marquese Chriss,1610612756,PHX,71,1500.45,12.41465718276008,9.02002435934912,1.842800675565949,1.1638741108837574,1.648821657085323,2.424737731007828,0.40735593880931503,0.2870889473513268,0.5770875799798629
248,201578,Marreese Speights,1610612753,ORL,50,647.15,21.442816395731526,7.147605465243842,2.0847182606961208,0.29781689438516007,1.1912675775406403,2.0847182606961208,0.3911328546258436,0.36730750307503074,0.7495058508693195
249,101107,Marvin Williams,1610612766,CHA,75,1941.335,12.776818905472638,6.6360222222222225,1.683766832504146,0.9904510779436153,0.5942706467661691,1.1885412935323383,0.4466934361525705,0.39717088225538977,0.8161316882255389
250,203486,Mason Plumlee,1610612743,DEN,70,1372.92,13.038028547439128,10.02925272879933,3.6105309823677585,1.2035103274559196,2.005850545759866,2.6076057094878258,0.5987463879093199,0.0,0.4513163727959698
251,203521,Matthew Dellavedova,1610612749,MIL,37,701.6783333333333,8.409861224212815,3.2423561346362657,7.39662493213898,0.709265404451683,0.0,2.533090730184582,0.37388419177524435,0.381990082111835,0.9321773887079263
252,203090,Maurice Harkless,1610612757,POR,59,1263.77,11.072339636633295,4.630251120773924,1.5098644959045404,1.4092068628442376,1.207891596723632,1.1072339636633297,0.4982552836484983,0.41772917720025615,0.7166823473893551
253,1628467,Maxi Kleber,1610612742,DAL,69,1155.1583333333333,11.423831676742834,6.833899306622946,1.5299774567066295,0.8159879769102025,1.4279789595928543,0.8159879769102025,0.4885728011749837,0.3110954161970147,0.7609087884687639
254,201563,Michael Beasley,1610612752,NYK,70,1582.0383333333334,21.274877171757907,9.03178747857647,2.609183049366536,0.7024723594448365,0.9031787478576471,3.110949020398562,0.5097942265685386,0.4114480962462614,0.7827549148099608
255,203487,Michael Carter-Williams,1610612766,CHA,52,834.7433333333333,10.201646102819238,5.942706467661692,4.9522553897180766,1.881857048092869,0.9904510779436153,2.178992371475954,0.3288297578772803,0.23473690547263681,0.8121698839137645
256,203077,Michael Kidd-Gilchrist,1610612766,CHA,71,1778.3283333333334,13.272044444444445,5.942706467661692,1.3866315091210613,0.9904510779436153,0.5942706467661691,0.9904510779436153,0.4991873432835821,0.0,0.6725162819237148
257,201144,Mike Conley,1610612763,MEM,12,373.23833333333334,20.287170355120946,2.6639718648138615,4.81564144793275,1.2295254760679362,0.30738136901698404,1.7418277577629095,0.39037433865156973,0.31967662377766337,0.8227574644021273
258,1628455,Mike James,1610612740,NOP,36,686.505,17.073480817334246,4.559395445538122,6.402555306500341,1.455126206022805,0.38803365493941466,2.522218757106195,0.37154222460448955,0.25707229639736223,0.7392041126595849
259,203488,Mike Muscala,1610612737,ATL,50,983.685,13.759055621850969,7.720908910103421,1.5837761866878814,1.0888461283479185,0.9898601166799258,1.385804163351896,0.4553356536727659,0.37515698422169186,0.9057220067621321
260,203118,Mike Scott,1610612764,WAS,72,1319.7183333333332,17.231622798137277,6.247722885874334,2.0153944793143013,0.6046183437942904,0.3023091718971452,2.1161642032800163,0.5371026287372613,0.41718665721806036,0.6812033340082339
261,203101,Miles Plumlee,1610612737,ATL,52,888.4083333333333,9.304685096791303,8.908741050119332,1.7817482100238664,0.692902081675948,1.1878321400159109,2.5736363033678074,0.5760985879077167,0.0,0.426629710289048
262,1628462,Milos Teodosic,1610612746,LAC,45,1134.055,13.388868888669107,3.937902614314443,6.497539313618831,0.6891329575050275,0.19689513071572218,3.0518745260936937,0.4124952988494379,0.3731162727062935,0.8348353542346619
263,1626149,Montrezl Harrell,1610612746,LAC,72,1189.77,23.03673029373949,8.564938186133913,1.8705037417993604,0.8860280882207497,1.378265915010055,1.8705037417993604,0.6310488939438895,0.164407434147628,0.6340023209046254
264,1627988,Myke Henry,1610612763,MEM,16,301.21,10.143585177560473,3.6885764282038083,2.0492091267798935,2.6639718648138615,0.6147627380339681,1.9467486704408987,0.37398066563733057,0.32684885572139305,0.6147627380339681
265,1626167,Myles Turner,1610612754,IND,61,1760.8233333333333,16.955564735482113,8.42701720386237,1.7260155718754249,0.8122426220590235,2.3351975384196924,1.9290762273901807,0.49851390928872563,0.3837846389228886,0.786860040119679
266,202357,Nemanja Bjelica,1610612750,MIN,63,1285.9166666666667,12.442541666666667,7.283439024390244,2.225495257452575,1.2139065040650405,0.4046355013550136,1.4162242547425472,0.4815162466124661,0.433971575203252,0.8092710027100272
267,2403,Nene,1610612745,HOU,50,732.39,16.460367809180198,8.479583416850405,2.194715707890693,1.2968774637535914,0.6983186343288568,1.7956764882742033,0.5776092703948686,0.0,0.6394603494354246
268,203457,Nerlens Noel,1610612742,DAL,30,471.6533333333333,10.199849711377531,13.05580763056324,1.5299774567066295,2.4479639307306074,1.7339744509341801,2.039969942275506,0.5344721248761827,0.0,0.7649887283533148
269,201156,Nick Young,1610612744,GSW,76,1306.9416666666666,15.044863414793733,3.0285114666143227,0.8792452645009324,0.9769391827788138,0.19538783655576275,0.9769391827788138,0.4044528216704289,0.3692830110903916,0.8255136094480976
270,201587,Nicolas Batum,1610612766,CHA,61,1917.49,13.172999336650085,5.447480928689885,6.2398417910447765,1.1885412935323383,0.39618043117744617,2.278037479270315,0.40707539303482587,0.32486795356550585,0.8200934925373135
271,203917,Nik Stauskas,1610612751,BKN,37,459.3666666666667,12.2256352350766,4.436722464342314,2.3662519809825677,0.5915629952456419,0.19718766508188065,1.6760951531959853,0.38550188523507667,0.4101503433703117,0.7621303255414686
272,203999,Nikola Jokic,1610612743,DEN,71,2288.1316666666667,20.45967556675063,11.83451821998321,6.719599328295551,1.3038028547439129,0.9026327455919396,3.2093608732157857,0.5034684869857263,0.39916425860621335,0.8504806314021831
273,202703,Nikola Mirotic,1610612740,NOP,51,1351.09,19.498691160705587,9.118790891076245,1.8431598609622195,0.9700841373485366,0.9700841373485366,1.455126206022805,0.424896852158659,0.35796104668161,0.780917730565572
274,202696,Nikola Vucevic,1610612753,ORL,54,1618.8033333333333,20.05300422193411,11.019225092250922,3.9708919251354677,1.1912675775406403,1.290539875669027,2.3825351550812806,0.47253613909112063,0.31469318506698585,0.8110546757089192
275,203943,Noah Vonleh,1610612741,CHI,54,875.6633333333333,10.823918927906359,12.710657089651505,1.3902281191806332,0.7944160681032191,0.6951140595903166,1.290926110667731,0.4409009177972865,0.3008850857940942,0.6166654728651237
276,1626181,Norman Powell,1610612761,TOR,66,1002.5866666666667,13.144581832733094,3.9832066159797255,2.887824796585301,1.1949619847939177,0.4979008269974657,2.290343804188342,0.4023038682139523,0.28778667800453517,0.8175531579298386
277,1628384,OG Anunoby,1610612761,TOR,70,1389.1616666666666,10.356337201547287,4.281947112178205,1.394122315592904,1.294542150193411,0.2987404961984794,1.0953818193944247,0.46105616579965325,0.3555011904761905,0.624367637054822
278,201956,Omri Casspi,1610612744,GSW,53,741.5766666666667,14.26331206857068,9.476310072954492,2.4423479569470343,0.8792452645009324,0.8792452645009324,1.7584905290018649,0.566624726011712,0.4445073281643603,0.7082809075146399
279,203490,Otto Porter Jr.,1610612764,WAS,74,2348.62,16.92931362624013,7.255420125531485,2.3177036512114464,1.713085307417156,0.6046183437942904,1.108466963622866,0.5048563170682324,0.44640987716811775,0.8373964061550921
280,200782,PJ Tucker,1610612745,HOU,78,2170.358333333333,7.881024587425671,6.983186343288568,1.1971176588494687,1.2968774637535914,0.39903921961648964,1.0973578539453466,0.3890632391260774,0.3721040722923766,0.7152778011625577
281,1627783,Pascal Siakam,1610612761,TOR,77,1576.825,12.845841336534615,7.866833066559958,3.3857256235827666,1.394122315592904,0.8962214885954383,1.394122315592904,0.5098504468454049,0.21210575230092038,0.6403004635187409
282,1626192,Pat Connaughton,1610612757,POR,78,1431.5183333333334,10.770366737452386,3.824990056291502,2.315125560386962,0.5032881653015134,0.603945798361816,1.0065763306030269,0.42074890619206523,0.3563280210334715,0.8425043887147334
283,201976,Patrick Beverley,1610612746,LAC,11,333.54833333333335,14.274896976889856,4.823930702535193,3.445664787525138,1.8705037417993604,0.4922378267893054,2.658084264662249,0.39674368839218016,0.39379026143144436,0.8112079385487753
284,1627775,Patrick McCaw,1610612744,GSW,57,961.15,8.401676971897798,3.0285114666143227,2.9308175483364414,1.563102692446102,0.3907756731115255,1.4654087741682207,0.3995681257565348,0.23251152550135767,0.7473584748257925
285,202335,Patrick Patterson,1610612760,OKC,79,1234.05,8.935938739829199,5.522209333602314,1.5060570909824493,1.3052494788514561,0.7028266424584763,0.9036342545894696,0.39358291977674675,0.38153446304888716,0.8634727321632709
286,201988,Patty Mills,1610612759,SAS,79,2017.5133333333333,14.43800740664541,2.764724822549121,3.9934914103487302,0.921574940849707,0.2047944312999349,1.843149881699414,0.42187652847786583,0.38501353084387757,0.918503024380208
287,2200,Pau Gasol,1610612759,SAS,74,1752.255,15.973965641394921,12.697254740595964,4.81266913554847,0.5119860782498372,1.6383554503994793,2.252738744299284,0.4689792476768509,0.37067792065288213,0.7771948667832529
288,202331,Paul George,1610612760,OKC,76,2778.9383333333335,21.38601069195078,5.62261313966781,3.313325600161388,2.0080761213099323,0.5020190303274831,2.6104989577029123,0.4297282899603255,0.3986031100800216,0.8213031336157622
289,200794,Paul Millsap,1610612743,DEN,34,1008.21,18.353532493702772,7.92310965575147,3.510238455079765,1.404095382031906,1.404095382031906,2.407020654911839,0.4814041309823678,0.36707064987405547,0.7040535415617128
290,1627835,Paul Zipser,1610612741,CHI,54,824.0,9.433690808725725,5.660214485235436,1.9860401702580475,0.8937180766161213,0.6951140595903166,1.886738161745145,0.3435849494546422,0.333654748603352,0.7258976822293163
291,203112,Quincy Acy,1610612751,BKN,66,1270.0033333333333,10.253758584257794,6.802974445324883,1.4789074881141047,0.7887506603275226,0.7887506603275226,1.6760951531959853,0.3381768456154253,0.3322612156629689,0.8163569334389857
292,1626188,Quinn Cook,1610612744,GSW,29,596.8116666666666,15.142557333071613,3.907756731115255,4.200838485948899,0.6838574279451696,0.09769391827788138,1.563102692446102,0.48163101710995515,0.4191069094121111,0.8841299604148265
293,200765,Rajon Rondo,1610612740,NOP,61,1591.2983333333334,10.86494233830361,5.432471169151805,10.767933924568755,1.3581177922879513,0.19401682746970733,3.0072608257804636,0.44914895559237245,0.32109784946236564,0.5636188837994998
294,201196,Ramon Sessions,1610612764,WAS,27,390.8016666666667,12.394676047782953,3.5269403388000273,6.95311095363434,1.310006411554296,0.20153944793143014,2.8215522710400216,0.35571712559897417,0.3103707498144024,0.7739114800566917
295,203526,Raul Neto,1610612762,UTA,39,477.8566666666667,13.758518480597932,3.567023309784649,5.503407392239173,0.8153196136650627,0.3057448551243985,2.445958840995188,0.4647321797890857,0.42090875055458854,0.8030898194600867
296,101109,Raymond Felton,1610612760,OKC,79,1324.4283333333333,14.960167103758996,4.216959854750858,5.421805527536818,1.3052494788514561,0.4016152242619865,2.0080761213099323,0.4076394526259163,0.3463931309259633,0.8172869813731424
297,203493,Reggie Bullock,1610612765,DET,62,1731.56,14.647197415601111,3.2324849468912795,2.0203030918070497,1.0101515459035249,0.30304546377105746,1.0101515459035249,0.49396410594682366,0.44951743792706855,0.8040806305392059
298,202704,Reggie Jackson,1610612765,DET,41,1083.5566666666666,20.001000608889793,3.939591029023747,6.970045666734322,0.8081212367228199,0.10101515459035249,3.2324849468912795,0.4313347101008051,0.3151672823218998,0.8343851769163115
299,1626158,Richaun Holmes,1610612755,PHI,44,668.4066666666666,14.154504592854108,10.054579124579126,3.0261354646791543,0.9761727305416626,1.3666418227583277,1.1714072766499952,0.5242047563008728,0.12592628223987448,0.651107211271289
300,201937,Ricky Rubio,1610612762,UTA,73,2184.625,16.10256236988499,5.605322343947305,6.624471861028634,1.9363840824545235,0.20382990341626567,3.3631934063683833,0.4219279000716699,0.3577214804955462,0.8774877342070236
301,203496,Robert Covington,1610612755,PHI,76,2408.2966666666666,14.154504592854108,5.954653656304142,2.147580007191658,1.8547281880291588,0.8785554574874964,1.7571109149749928,0.40120699225262335,0.3621600830309568,0.8346276846131215
302,201577,Robin Lopez,1610612741,CHI,64,1689.7766666666666,15.987623370577284,6.156724527799947,2.581852221335462,0.2979060255387071,1.0923220936419262,2.2839461957967546,0.5263006451183826,0.2840037443469008,0.7507231843575419
303,203918,Rodney Hood,1610612739,CLE,58,1575.975,19.728714714714716,3.686679012345679,2.0924394394394397,0.9963997330663997,0.2989199199199199,1.5942395729062397,0.42745548548548545,0.3816210977644311,0.8638785685685686
304,1627758,Ron Baker,1610612752,NYK,29,384.67333333333335,6.623310817622745,2.809889437779346,4.41554054508183,2.4084766609537254,0.6021191652384313,1.7060043015088888,0.3401973283597137,0.33417613670732943,0.7436171690694627
305,1626178,Rondae Hollis-Jefferson,1610612751,BKN,64,1811.0366666666666,18.04267135499208,8.479069598520868,3.05640880876915,1.1831259904912839,0.7887506603275226,2.169064315900687,0.4693066428948759,0.2464845813523508,0.770017832144744
306,1626220,Royce O'Neale,1610612762,UTA,65,1052.3183333333334,10.599154977645815,7.439791474693696,3.0574485512439846,1.222979420497594,0.5095747585406641,1.834469130746391,0.412755554417938,0.33937678918808234,0.8295877069042011
307,200752,Rudy Gay,1610612759,SAS,54,1159.5316666666668,19.455470973493814,8.703763330247233,2.1503415286493164,1.433561019099544,1.126369372149642,2.355135959949251,0.48229088571134665,0.33483889517539356,0.7812907554092516
308,203497,Rudy Gobert,1610612762,UTA,52,1702.2066666666667,15.287242756219925,12.229794204975938,1.5287242756219923,0.9172345653731955,2.649788744411454,2.1402139858707896,0.6339109996245862,0.0,0.7021940172690352
309,201566,Russell Westbrook,1610612760,OKC,77,2800.88,25.502566740636137,9.839572994418669,10.040380606549661,1.807268509178939,0.20080761213099324,4.718978885078341,0.4538252034160447,0.29819930401452494,0.73997605070271
310,201583,Ryan Anderson,1610612745,HOU,66,1725.1666666666667,12.869014832631791,6.883426538384446,1.2968774637535914,0.49879902452061203,0.39903921961648964,0.8978382441371017,0.42996475913676757,0.3850728469299125,0.7721408899579074
311,1626257,Salah Mejri,1610612742,DAL,61,728.7533333333333,10.811840694060182,12.443816647880587,1.7339744509341801,1.1219834682515286,3.365950404754585,1.9379714451617307,0.6548303514704376,0.0,0.5875113433753457
312,1626155,Sam Dekker,1610612746,LAC,69,816.9583333333334,12.01060297365905,6.694434444334553,1.4767134803679163,0.9844756535786108,0.39379026143144436,1.279818349652194,0.47353278937131177,0.164407434147628,0.6684589687798768
313,203930,Sean Kilpatrick,1610612741,CHI,48,537.8216666666667,16.980643455706307,4.965100425645119,2.681154229848364,0.5958120510774142,0.2979060255387071,2.08534217877095,0.34159890928438413,0.2849967644320298,0.9076203578079277
314,1628400,Semi Ojeleye,1610612738,BOS,69,1048.4833333333333,5.681641694696429,4.971436482859376,0.7102052118370537,0.7102052118370537,0.10145788740529338,0.811663099242347,0.32162150307478,0.30538824108993307,0.6188931131722896
315,201586,Serge Ibaka,1610612761,TOR,73,2009.8666666666666,16.43072729091637,8.265153728157932,1.0953818193944247,0.4979008269974657,1.6928628117913833,1.493702480992397,0.4769889922635721,0.3495263805522209,0.79962872815793
316,203498,Shabazz Muhammad,1610612749,MIL,41,385.1,17.731635111292075,6.282065010857765,1.3172071796959828,0.8105890336590664,0.30397088762214985,0.6079417752442997,0.4529166225570033,0.2431767100977199,0.7538478013029317
317,203894,Shabazz Napier,1610612757,POR,70,1454.815,15.299960225166007,3.9256476893518046,3.623674790170897,2.0131526612060537,0.301972899180908,2.2144679273266594,0.42980809316749247,0.3855187346209593,0.8404912360535274
318,203499,Shane Larkin,1610612738,BOS,50,685.8283333333334,11.261825501987564,4.058315496211735,4.058315496211735,1.318952536268814,0.10145788740529338,1.5218683110794007,0.3977149186287501,0.3926420242584854,0.9222521965141168
319,2733,Shaun Livingston,1610612744,GSW,68,1081.2433333333333,12.211739784735173,4.005450649393136,4.298532404226781,1.0746331010566952,0.6838574279451696,1.856184447279746,0.4972620440344162,0.0,0.7883899205025028
320,202714,Shelvin Mack,1610612753,ORL,65,1282.85,12.508309564176724,4.467253415777401,7.048333167115455,1.3898121737974136,0.1985445962567734,2.3825351550812806,0.43481266580233374,0.3494384894119211,0.7078114856553971
321,1628414,Sindarius Thornwell,1610612746,LAC,69,1059.0366666666666,8.368043055418191,4.331692875745888,1.8705037417993604,1.4767134803679163,0.7875805228628887,1.4767134803679163,0.42037110407806677,0.3278303926416774,0.6851950548907131
322,1627746,Skal Labissiere,1610612758,SAC,60,1240.2666666666667,15.56437677879505,8.601366114597266,2.1503415286493164,0.716780509549772,1.433561019099544,2.1503415286493164,0.45873952611185415,0.36146217124438507,0.824297585982238
323,203915,Spencer Dinwiddie,1610612751,BKN,77,2217.08,15.57782554146857,4.042347134178553,8.084694268357106,1.0845321579503435,0.3943753301637613,1.9718766508188064,0.381558131933439,0.3224018324088749,0.8005819202324355
324,1626169,Stanley Johnson,1610612765,DET,65,1772.9,11.515727623300183,4.848727420336919,2.121318246397402,1.8182727826263447,0.30304546377105746,1.5152273188552874,0.38082713280562885,0.282842432852987,0.79094866044246
325,201939,Stephen Curry,1610612744,GSW,51,1630.7466666666667,29.01509372853077,5.666247260117119,6.643186442895933,1.7584905290018649,0.19538783655576275,3.3215932214479666,0.4835848954755128,0.4132452743154382,0.8997609873392876
326,1628425,Sterling Brown,1610612749,MIL,51,727.73,10.335010179153095,6.788683156894681,1.2158835504885994,1.5198544381107495,0.5066181460369165,1.2158835504885994,0.4134004071661238,0.36172535627035834,0.8865817555646038
327,203500,Steven Adams,1610612760,OKC,73,2390.12,15.361782328020983,10.040380606549661,1.3052494788514561,1.3052494788514561,1.2048456727859593,1.9076723152444355,0.6295318640306637,0.0,0.5552330475421964
328,204456,T.J. McConnell,1610612755,PHI,72,1650.7483333333332,9.859344578470793,4.685629106599981,6.2475054754666415,1.8547281880291588,0.2928518191624988,2.3428145532999904,0.4880863652708313,0.4070640286358733,0.7760573207806218
329,1628388,TJ Leaf,1610612754,IND,50,428.18833333333333,11.980578675370598,6.599471304229565,0.7107122943016455,0.40612131102951177,0.3045909832721338,0.8122426220590235,0.47820784373725006,0.46907011423908607,0.6772072861417109
330,203933,TJ Warren,1610612756,PHX,65,2141.7833333333333,20.755754977427003,5.431412517457534,1.3578531293643834,1.0668846016434443,0.6789265646821917,1.3578531293643834,0.48300775601675927,0.2153167105134951,0.7342105849491702
331,201959,Taj Gibson,1610612750,MIN,78,2612.575,13.251812669376694,7.6880745257452565,1.315065379403794,0.8092710027100272,0.7081121273712736,1.2139065040650405,0.5877330657181571,0.2023177506775068,0.7758885738482385
332,204028,Tarik Black,1610612745,HOU,48,473.53333333333336,12.4699756130153,10.873818734549342,0.8978382441371017,1.4963970735618362,1.9951960980824481,2.3942353176989375,0.5985588294247344,0.0,0.47186387719649897
333,1627752,Taurean Prince,1610612737,ATL,79,2359.391666666667,16.233705913550782,5.642202665075577,2.9695803500397773,1.1878321400159109,0.5939160700079554,2.771608326703792,0.41772096923892865,0.37812656457173166,0.8304926378944577
334,1628390,Terrance Ferguson,1610612760,OKC,59,727.5466666666666,8.634727321632708,2.208883733440926,0.803230448523973,1.104441866720463,0.5020190303274831,0.5020190303274831,0.4106515668078811,0.3192841032882792,0.9036342545894696
335,203082,Terrence Ross,1610612753,ORL,22,575.85,12.30976496791995,4.367981117649014,2.183990558824507,1.6876290681825739,0.5956337887703201,1.5883567700541872,0.4040382533825338,0.32660586084239224,0.7375931750939131
336,1626179,Terry Rozier,1610612738,BOS,77,1979.7733333333333,16.13180409744165,6.594762681344069,3.9568576088064416,1.4204104236741073,0.30437366221588014,1.318952536268814,0.40380239187306766,0.3926420242584854,0.7832548907688649
337,200757,Thabo Sefolosha,1610612762,UTA,38,805.565,14.166178287430464,7.337876522985564,1.5287242756219923,2.3440438892870548,0.5095747585406641,1.324894372205727,0.5014215624040135,0.3882959660079861,0.8306068564212825
338,201152,Thaddeus Young,1610612754,IND,78,2543.435,13.402003263973887,7.1071229430164555,2.1321368829049367,1.827545899632803,0.5076516387868897,1.522954916360669,0.4944526961784305,0.32895826193390454,0.6112125730994151
339,1627748,Thon Maker,1610612749,MIL,71,1205.405,10.537657437567862,6.687359527687297,1.418530808903366,1.1145599212812163,1.6211780673181329,1.3172071796959828,0.4225195337947883,0.30397088762214985,0.6981198052388708
340,204025,Tim Frazier,1610612764,WAS,56,806.8983333333333,7.557729297428629,4.937716474320038,8.464656813120065,1.914624755348586,0.3023091718971452,2.5192430991428765,0.39904810690423165,0.2932398967402308,0.7729037828170345
341,203501,Tim Hardaway Jr.,1610612752,NYK,56,1855.5283333333334,19.067106899216995,4.315187350875425,2.9102426319857515,1.2042383304768627,0.20070638841281047,1.8063574957152941,0.42148341566690195,0.31410549786604836,0.8218926605504587
342,202389,Timofey Mozgov,1610612751,BKN,28,338.6,11.831259904912837,9.070632593766508,0.8873444928684628,0.4929691627047016,1.1831259904912839,3.2535964738510303,0.5215613741415743,0.2188783082408875,0.7493131273111464
343,1627789,Timothe Luwawu-Cabarrot,1610612755,PHI,52,806.5683333333334,12.983097316204114,3.1237527377333207,2.3428145532999904,0.4880863652708313,0.19523454610833255,1.6594936419208264,0.3660647739531235,0.327017864731457,0.7741049753195385
344,202699,Tobias Harris,1610612746,LAC,76,2546.245,19.787960636930077,5.808406356113804,2.461189133946527,0.8860280882207497,0.4922378267893054,1.378265915010055,0.4558122276068968,0.40954187188870206,0.8131768898559325
345,203107,Tomas Satoransky,1610612764,WAS,69,1534.985,11.588518256057233,4.937716474320038,6.449262333805764,1.2092366875885807,0.3023091718971452,1.8138550313828712,0.528033353580347,0.4716023081595465,0.7870115441722346
346,2225,Tony Parker,1610612759,SAS,52,1020.3033333333333,14.642801837945346,3.2767109007989585,6.860613448547819,1.0239721564996744,0.0,2.252738744299284,0.47102719198985027,0.29285603675890687,0.7198524260192711
347,203503,Tony Snell,1610612749,MIL,71,1955.235,9.119126628664496,2.431767100977199,1.722501696525516,0.8105890336590664,0.4052945168295332,0.6079417752442997,0.44379749592833884,0.4134004071661238,0.8146419788273617
348,1628470,Torrey Craig,1610612743,DEN,35,586.2383333333333,10.02925272879933,7.4216470193115045,1.404095382031906,0.6017551637279598,0.702047691015953,1.2035103274559196,0.4673631771620488,0.3159214609571789,0.6308399966414778
349,1626203,Treveon Graham,1610612766,CHA,63,1049.5383333333334,9.310240132669984,4.159894527363185,1.9809021558872306,1.089496185737977,0.09904510779436154,0.8914059701492538,0.42985576782752905,0.40806584411276947,0.6883634991708126
350,2772,Trevor Ariza,1610612745,HOU,64,2178.935,12.4699756130153,4.688710830493753,1.695916683370081,1.5961568784659586,0.19951960980824482,0.7980784392329793,0.4130055923030667,0.37509686643950024,0.8519487338812053
351,202344,Trevor Booker,1610612754,IND,64,1085.1816666666666,13.402003263973887,10.051502447980416,2.6397885216918264,0.9137729498164014,0.7107122943016455,1.9290762273901807,0.5299883108935128,0.29037673738610087,0.7117275975792193
352,203504,Trey Burke,1610612752,NYK,32,647.8883333333333,22.579468696441175,3.3116554088113723,7.827549148099608,1.1038851362704576,0.20070638841281047,1.9067106899216992,0.5198295459891791,0.3803386060422758,0.6382463151527372
353,1626168,Trey Lyles,1610612743,DEN,70,1365.6,18.85499513014274,9.126619983207389,2.3067281276238454,0.8023402183039464,0.9026327455919396,1.6046804366078928,0.4914333837111671,0.3811116036943745,0.6990389151973132
354,202684,Tristan Thompson,1610612739,CLE,49,1016.735,10.163277277277276,11.857156823490158,1.0960397063730398,0.5978398398398398,0.5978398398398398,1.1956796796796796,0.5619694494494494,0.0,0.5510090523857191
355,203584,Troy Daniels,1610612756,PHX,78,1608.7633333333333,15.227352950729157,2.715706258728767,1.0668846016434443,0.5819370554418787,0.09698950924031312,1.1638741108837574,0.3928075124232681,0.3879580369612525,0.8486582058527397
356,1627786,Troy Williams,1610612752,NYK,21,307.2033333333333,15.655098296199215,7.426136371273987,1.9067106899216992,2.30812346674732,0.5017659710320261,2.207770272540915,0.4696529488859765,0.29002073125651107,0.6693558053567229
357,1628463,Tyler Cavanaugh,1610612737,ATL,39,518.43,12.571223481835057,8.710769026783348,1.880734221691859,0.5939160700079554,0.2969580350039777,0.9898601166799258,0.43652831145584725,0.35634964200477326,0.8017866945107399
358,1628416,Tyler Dorsey,1610612737,ATL,53,896.6783333333333,14.253985680190931,4.850314571731637,3.06856636170777,0.5939160700079554,0.19797202333598518,1.385804163351896,0.3622888027048528,0.3424916003712543,0.7018108227260673
359,203898,Tyler Ennis,1610612747,LAL,50,583.755,10.659498312564903,4.748321975597094,5.426653686396677,1.3566634215991693,0.5814271806853583,1.8411860721703013,0.39827761876947043,0.23741609877985465,0.6783317107995847
360,204020,Tyler Johnson,1610612748,MIA,69,1963.8683333333333,15.180664960764247,4.380997270556125,2.954626066189014,1.018836574547936,0.6113019447287615,1.4263712043671102,0.4421750733538042,0.37289418628454457,0.8344271545547595
361,1627755,Tyler Ulis,1610612756,PHX,68,1562.845,11.347772581116633,2.715706258728767,6.498297119100979,1.4548426386046966,0.09698950924031312,2.618716749488454,0.37243971548280236,0.26866094059566736,0.7943440806781643
362,203092,Tyler Zeller,1610612749,MIL,62,1024.06,14.691926235070577,10.132362920738329,1.5198544381107495,0.5066181460369165,1.2158835504885994,1.6211780673181329,0.552213779180239,0.36172535627035834,0.7234507125407167
363,201936,Tyreke Evans,1610612763,MEM,52,1607.1616666666666,23.156063132612797,6.045166924000687,6.147627380339681,1.3319859324069308,0.40984182535597874,2.6639718648138615,0.46312126265225595,0.40881722079258875,0.8043145822611082
364,1627820,Tyrone Wallace,1610612746,LAC,26,731.67,12.109050539016913,4.627035571819471,2.9534269607358326,1.1813707842943328,0.5906853921471664,1.7720561764414995,0.43415376322816734,0.29829612303431907,0.7737978637127881
365,2199,Tyson Chandler,1610612756,PHX,46,1150.7266666666667,9.117013868589433,12.705625710481018,1.648821657085323,0.48494754620156555,0.775916073922505,1.745811166325636,0.6275221247848258,0.0,0.5984252720127319
366,1626145,Tyus Jones,1610612750,MIN,78,1404.3516666666667,10.318205284552844,3.3382428861788616,5.664897018970189,2.3266541327913277,0.2023177506775068,1.4162242547425472,0.4673540040650407,0.34899811991869917,0.9063835230352304
367,203506,Victor Oladipo,1610612754,IND,72,2470.588333333333,24.874930300557594,5.584168026655787,4.568864749082007,2.4367278661770704,0.8122426220590235,3.147440160478716,0.4812537535699714,0.37058569631442945,0.8203650482796138
368,1713,Vince Carter,1610612758,SAC,55,970.6566666666666,11.161296505846451,5.222257998148339,2.355135959949251,1.5359582347495118,1.0239721564996744,1.3311638034495767,0.41061283475636945,0.352246421835888,0.7526195350272606
369,201961,Wayne Ellington,1610612748,MIA,74,1962.285,15.282548618219039,3.97346264073695,1.4263712043671102,0.9169529170931424,0.10188365745479361,1.018836574547936,0.40855346639372236,0.3953085909245992,0.8711052712384852
370,1627782,Wayne Selden,1610612763,MEM,35,691.53,17.3158171212901,2.9713532338308455,3.483655515525819,0.9221441070509521,0.30738136901698404,2.8688927774918507,0.441604566821067,0.4118910344827586,0.7643550042889002
371,1628411,Wes Iwundu,1610612753,ORL,58,902.0,7.8425115521425495,5.062887204547721,1.9854459625677339,1.1912675775406403,0.3970891925135468,1.0919952794122536,0.4070164223263854,0.1737265217246767,0.7326295601874938
372,202325,Wesley Johnson,1610612746,LAC,70,1421.7933333333333,9.549413839712523,5.217720963966637,1.378265915010055,1.7720561764414995,1.5751610457257774,1.378265915010055,0.3987126396993374,0.3416130517917779,0.733434361916065
373,202083,Wesley Matthews,1610612742,DAL,63,2131.4333333333334,13.769797110359667,3.365950404754585,2.957956416299484,1.3259804624790792,0.3059954913413259,1.4279789595928543,0.4141138982819278,0.3886142740034839,0.838427646275233
374,203115,Will Barton,1610612743,DEN,77,2529.4983333333334,16.849144584382874,5.5160890008396315,4.513163727959698,1.1032178001679263,0.702047691015953,2.005850545759866,0.44931052225020995,0.36506479932829555,0.8103636204869858
375,1626161,Willie Cauley-Stein,1610612758,SAC,70,1942.8883333333333,16.48595171964476,9.113352192847103,3.0719164694990235,1.433561019099544,1.2287665877996092,2.047944312999349,0.5068662174673388,0.2559930391249186,0.6328147927167987
376,203186,Willie Reed,1610612765,DET,42,427.855,16.566485352817807,10.303545768215953,0.8081212367228199,0.8081212367228199,1.919287937216697,1.6162424734456398,0.6757913842094582,0.5050757729517624,0.5879081997158514
377,1626195,Willy Hernangomez,1610612766,CHA,45,429.83666666666664,17.828119402985074,12.578728689883913,2.4761276948590383,1.2875864013267,1.1885412935323383,2.7732630182421225,0.5427671907131012,0.360524192371476,0.6239841791044777
378,201163,Wilson Chandler,1610612743,DEN,70,2200.13,11.633933165407221,6.1178441645675905,2.5073131821998325,0.702047691015953,0.6017551637279598,1.5043879093198993,0.44529882115869024,0.3630589487825357,0.7702466095717885
379,1627812,Yogi Ferrell,1610612742,DAL,79,2237.8,13.565800116132117,4.079939884551012,3.1619534105270346,1.019984971137753,0.10199849711377532,1.2239819653653037,0.43757355261809605,0.3824943641766574,0.818027946852478
380,1628380,Zach Collins,1610612757,POR,62,978.785,10.46839383827148,7.750637745643307,1.8118373950854485,0.603945798361816,1.1072339636633297,2.0131526612060537,0.41168971921663794,0.32311100212357163,0.6542746148919675
381,203897,Zach LaVine,1610612741,CHI,24,656.2866666666666,21.846441872838522,5.163704442670924,3.8727783320031923,1.290926110667731,0.19860401702580477,2.383248204309657,0.3803266926044161,0.3386198490289971,0.8073253292098962
382,2216,Zach Randolph,1610612758,SAC,59,1507.6116666666667,20.991429208243325,9.727735486746907,3.0719164694990235,1.0239721564996744,0.2047944312999349,2.867122038199088,0.48433883002434597,0.355318338305387,0.8038181428522445
383,2585,Zaza Pachulia,1610612744,GSW,66,936.6633333333333,13.48176072234763,11.625576275067884,4.005450649393136,1.3677148558903391,0.5861635096672883,2.7354297117806783,0.5509936990872509,0.0,0.7864360421369451
