,ID,PTS,REB,AST,STL,BLK,FGper,threeper,FTper,height_inches,weight
0,203932,19.159553538778628,8.735962235298029,2.5810797513380543,1.0919952794122536,0.7941783850270936,0.43084177387719824,0.3315694757488116,0.70086242478641,81,220
1,1627846,10.653078177555804,4.869978595454082,1.8262419732952808,1.0145788740529338,0.7102052118370537,0.35104429042231505,0.3764087622736385,0.6381701117792954,78,230
2,201143,14.812851561172831,8.42100465463935,5.478725919885843,0.7102052118370537,1.2174946488635203,0.4991728060340434,0.43829807359086737,0.7791965752726532,82,245
3,2744,18.478519651842785,10.559154086767306,2.3351975384196924,1.2183639330885352,1.8275458996328031,0.5391260403916769,0.0,0.8254415646674825,82,280
4,202329,11.57562780193481,9.159844608487543,1.5098644959045404,1.3085492297839352,0.7046034314221188,0.4026305322412108,0.3774661239761351,0.7428533319850338,81,220
5,202692,17.019796935258178,6.624471861028634,2.2421289375789226,1.3248943722057271,0.3057448551243985,0.4178513020033446,0.3271469949831064,0.8795260332411863,78,214
6,203518,11.34563008540112,3.6145370183578778,0.9036342545894696,1.204845672785959,0.30121141819648983,0.4026192623226415,0.3915748436554368,0.8574485037993411,78,190
7,1627936,7.461648818795433,3.5854676142263764,4.651417445482866,1.3566634215991693,0.7752362409138112,0.4244418419003115,0.2723017296209761,0.660888895379024,77,186
8,203458,14.451436876806653,13.190573256682587,1.9397901848062624,0.6789265646821917,1.55183214784501,0.5489606223001722,0.9698950924031312,0.6682577186657572,85,250
9,203459,15.084856378763867,5.126879292128897,1.7746889857369257,0.7887506603275226,0.4929691627047016,0.3904315768621237,0.3598674887744321,0.8281881933438986,78,215
10,101161,9.859344578470793,9.859344578470793,3.4166045568958188,1.3666418227583277,1.3666418227583277,0.5105383380732896,0.30261354646791544,0.5993700565525809,81,240
11,203083,16.26343988904675,17.374606589540626,3.2324849468912795,1.6162424734456398,1.8182727826263447,0.5323498646911576,0.0,0.6212432007306677,83,279
12,2738,8.303983053619916,5.373165505283476,4.493920240782543,1.1723270193345765,0.8792452645009324,0.4542767199921484,0.2852662413714136,0.6174255635162103,78,215
13,203460,6.727055006388272,6.425843588191785,1.6064608970479461,1.6064608970479461,1.204845672785959,0.5391684385717168,0.2228964494654025,0.3172760271669693,79,210
14,1626150,14.856766169154227,3.688576428203808,4.918101904271745,1.0246045633899468,0.7172231943729627,0.4323831257505576,0.3391441104820724,0.7991915594441585,78,213
15,203952,18.006279810298103,4.248672764227642,1.922018631436314,1.1127476287262874,0.6069532520325203,0.44712222899729,0.3338242886178862,0.6524747459349594,80,202
16,203076,26.968339018289317,10.670925510833902,2.2311935159016345,1.455126206022805,2.425210343371341,0.5199650976188156,0.3317687749731996,0.8100202546860279,82,253
17,201229,14.2431367972397,5.050757729517624,1.9192879372166967,0.6060909275421149,0.4040606183614099,0.4596189533861038,0.4303245585549016,0.810141539814627,80,240
18,1628469,17.17924747273211,3.77347632349029,2.2839461957967546,0.7944160681032191,0.09930200851290237,0.3684104515828678,0.28598978451715884,0.7636324454642193,76,197
19,203382,11.566199164203447,10.450162402745221,2.2320735229164543,0.5072894370264669,1.2174946488635203,0.4819249651751436,0.1349389902490402,0.7609341555397003,82,260
20,201167,9.133051427811576,3.5738027326219215,1.5883567700541872,0.1985445962567734,0.4963614906419335,0.3891474086632759,0.3821983477942888,0.8398436421661514,77,210
21,203085,16.046953153331355,2.559636699304388,4.036350179672303,1.279818349652194,0.2953426960735832,0.4213555797316454,0.37803865097418654,0.6340023209046254,76,200
22,202340,16.24384828404708,2.854979395377971,2.3627415685886657,1.279818349652194,0.19689513071572215,0.4075729205815448,0.36327151617050735,0.7560773019483731,74,180
23,1628389,12.633573524394407,10.18836574547936,2.7508587512794267,0.9169529170931424,1.1207202320027296,0.5175689798703514,0.0,0.7243928045035825,82,255
24,203463,14.24200343112026,4.713180991593755,1.7418277577629095,1.3319859324069308,0.5123022816949734,0.4221370801166581,0.3586115971864813,0.8412003465431462,77,195
25,1627732,16.399701873099932,8.395085482658299,8.395085482658299,1.7571109149749928,0.8785554574874964,0.5300617926841229,0.0,0.5495852472949561,82,230
26,202687,10.82068049599415,11.217769688507698,1.5883567700541872,0.4963614906419335,2.2832628569528937,0.5132377813237592,0.0,0.6571826136099199,81,255
27,201933,22.930440092010013,7.879182058047494,6.161924430011501,0.7071060821324674,0.30304546377105746,0.4424463771057439,0.3485022833367161,0.792968963534267,82,251
28,1626171,21.0520258047353,10.724616919393457,2.7804562383612663,1.0923220936419262,0.4965100425645119,0.4637403797552541,0.3604662909018356,0.7725696262303805,83,248
29,203992,15.769171210094989,3.788696979048796,4.4030802729486,1.2287665877996092,0.3071916469499023,0.4618114425813532,0.4116368069128691,0.8601366114597265,78,205
30,202711,16.75250407996736,3.9596827825377394,1.8275458996328031,0.8122426220590235,0.10153032775737794,0.4792231470148238,0.4040907044743642,0.8782373351013192,80,230
31,203078,22.87472734021732,4.433867854491464,4.534637578457178,1.2092366875885807,0.4030788958628603,0.4665638219612608,0.3788941621110886,0.7991039110481205,77,207
32,1627742,16.764483709761166,5.523558216510904,4.069990264797508,0.7752362409138112,0.7752362409138112,0.45545129153686403,0.3779276674454829,0.6599198500778817,81,190
33,203464,9.010954977197137,4.4030802729486,2.4575331755992185,1.6383554503994793,0.5119860782498372,0.4310922778863629,0.2754485100984124,0.5242737441278333,76,200
34,201572,19.28400149273105,5.814271806853582,2.6164223130841124,0.6783317107995847,2.034995132398754,0.4535132009345795,0.3333515835929388,0.6696103030893042,84,268
35,1627854,13.516432465795702,2.662327606899153,2.0479443129993493,0.716780509549772,0.0,0.4300683057298633,0.4003731131913727,0.6625099852552894,75,190
36,1627741,19.76266262044372,5.631846860748209,2.7647248225491214,1.5359582347495118,0.4095888625998698,0.4556676096423552,0.4392840551383603,0.9092872749717108,76,214
37,203710,10.632337058648996,2.75653183002011,1.7720561764414997,1.5751610457257774,0.6891329575050275,0.4430140441103749,0.3091253552236838,0.8003787063594106,77,230
38,203468,21.641391107965077,3.9256476893518046,3.4223595240502918,1.0065763306030269,0.4026305322412108,0.4519527724407591,0.4046436849024168,0.8435109650453365,75,190
39,101139,18.820651260504203,4.082786781379219,1.3941223155929041,0.9958016539949314,0.4979008269974657,0.3813920334800587,0.3664550086701348,0.8334859843937575,78,225
40,1626166,13.604375166267625,4.1706843575419,6.653234570364458,1.5888321362064382,0.6951140595903166,0.4041591746475126,0.3396128691141261,0.7805137869114127,75,185
41,1627747,16.366576201796093,5.0282854595879565,5.619848454833599,1.4789074881141049,0.3943753301637613,0.427897233227681,0.3342330923137877,0.6990302727152669,79,203
42,2546,18.273492703920386,6.526247394257281,1.506057090982449,0.7028266424584763,0.7028266424584763,0.4046273384439514,0.35944562571447786,0.7640729641584293,80,240
43,1626224,12.554636636636634,6.376958291624958,1.6938795462128795,1.1956796796796796,0.19927994661328,0.5111530630630631,0.3955706940273607,0.5689442475809142,80,215
44,202718,15.164147538171212,4.81564144793275,3.688576428203808,0.922144107050952,0.6147627380339681,0.4733673082861554,0.4313585211871676,0.6455008749356664,82,230
45,101112,13.566634215991694,6.880221638110073,1.7442815420560749,0.9690453011422638,0.7752362409138112,0.4971202394859814,0.3507943990134995,0.9041192659657322,83,255
46,1627767,15.61835461131144,12.611093785530976,1.164100964818244,0.6790588961439756,1.2611093785530976,0.5577983789754085,0.0,0.7634562160932984,81,220
47,101108,20.750039420057465,6.18510790405559,8.978382441371016,1.8954362931783255,0.2992794147123672,0.453907112313757,0.3780896605866239,0.9147974109708024,72,175
48,203991,18.256044297454398,14.165892296385381,1.1971176588494687,0.997598049041224,2.49399512260306,0.6504339279748781,0.0,0.560650103561168,82,240
49,203469,13.272044444444445,10.102600995024877,1.7828119402985076,0.7923608623548923,1.1885412935323385,0.5397958374792704,0.6606308689883914,0.7111438739635157,84,240
50,201147,11.34563008540112,4.718978885078341,2.0080761213099323,2.309287539506422,0.4016152242619865,0.4538252034160447,0.28213469504404554,0.7239114417322305,81,186
51,202709,10.762214742282062,4.4673344213246295,4.2642737658098735,1.3198942608459132,0.3045909832721338,0.4315038929688562,0.3614479668162655,0.7614774581803345,75,190
52,201584,14.149800383103134,3.4120086030177776,2.8098894377793453,1.304591524683268,0.3010595826192157,0.4515893739288235,0.4014127768256209,0.922245854756864,77,200
53,1626245,11.22112696195797,8.440670723596702,2.08534217877095,0.3972080340516096,0.4965100425645119,0.5968050711625432,0.0,0.6414909749933494,81,280
54,1626156,21.394861661384052,5.619848454833599,7.098755942947703,1.0845321579503435,0.4929691627047016,0.4032487750924459,0.3194440174326467,0.7394537440570523,77,195
55,201571,15.387206209899938,3.2759858382367613,5.757793291446428,1.0919952794122536,0.0,0.4437471726338885,0.4149582061766564,0.8626762707356803,72,183
56,203081,26.47295749485961,4.529593487713622,6.542746148919675,1.1072339636633295,0.4026305322412108,0.44088043280412575,0.3623674790170897,0.9270568004853876,75,195
57,1627814,14.352971691858926,6.038146711747547,2.6726223150358,1.880734221691859,0.0989860116679926,0.4078223680721294,0.2583534904534606,0.7522936886767436,78,210
58,1628422,12.042383304768627,5.720132069765098,2.3081234667473196,0.7024723594448365,0.10035319420640523,0.41044456430419735,0.2990525187350876,0.7355889135329503,77,210
59,1628464,12.885151700472257,10.653078177555804,2.2320735229164543,1.2174946488635203,1.8262419732952808,0.5488871708626372,0.3145194509564095,0.7639778921618592,81,243
60,201568,16.932981241552106,5.316168529324498,2.1658464378729443,0.5906853921471664,0.4922378267893054,0.3918213101242871,0.3189701117594699,0.9165468334816866,82,225
61,201980,12.390063093646061,5.119860782498372,2.2527387442992843,1.2287665877996092,1.7407526660494466,0.39627722456537395,0.3737498371223811,0.7925544491307479,78,215
62,201967,9.36641409138933,6.507192947702061,1.0845321579503435,0.8873444928684628,0.5915629952456419,0.4436722464342314,0.3470502905441099,0.5797317353407291,80,230
63,203967,17.375874603641595,8.004616390441631,3.0261354646791543,0.7809381844333302,0.2928518191624988,0.4441585923964565,0.3894929194861234,0.8473179301101632,82,223
64,203121,11.544001234447586,2.91025241204561,2.0371766884319267,0.4850420686742683,0.29102524120456097,0.4297472728454017,0.40258491699964266,0.8430031153558784,80,225
65,201954,15.432609819121444,3.1474401604787166,6.599471304229566,1.7260155718754249,0.3045909832721338,0.5056210322317422,0.4690701142390861,0.8934668842649258,74,185
66,1628021,12.015543030061188,7.050442604416068,2.2839461957967546,1.290926110667731,0.6951140595903166,0.4935309823091248,0.35351515030593245,0.6474490955041236,76,209
67,2561,17.97568096313017,8.49937089017568,4.787001995616189,1.660796610723983,2.6377357935027974,0.5676016651944907,0.3663521935420552,0.7454045964602349,81,250
68,202722,15.461979563145087,5.222257998148339,2.559930391249186,0.9215749408497069,0.9215749408497069,0.4474758323903577,0.3839895586873779,0.8355612797037343,82,210
69,1628368,15.25718513184515,3.5839025477488606,5.836641292048143,1.3311638034495767,0.4095888625998698,0.4208525563213661,0.31026356341940137,0.7495476185577616,75,175
70,201599,13.585764019384827,17.129876372267827,1.6736086110836383,0.5906853921471664,1.0829232189364721,0.6340023209046254,0.0,0.5877319651864306,83,265
71,202732,4.947429100477536,3.686319721924439,2.2311935159016345,1.8431598609622195,0.6790588961439756,0.3802729818406264,0.3472901211707761,0.38803365493941466,78,209
72,1627761,10.195559201803237,5.741188676743571,3.4645104083797404,1.385804163351896,0.8908741050119332,0.3999034871386901,0.3424916003712543,0.5869870491911959,78,210
73,201942,24.5963008536748,4.082786781379219,5.476909096972124,1.0953818193944247,0.2987404961984794,0.4570729591836735,0.31168591770041354,0.8225321661998133,79,220
74,202326,24.349111847448267,12.417076958061271,5.141445927947244,1.5521346197576589,1.5521346197576589,0.4559395445538122,0.34340978462138194,0.7236827664620084,83,270
75,201960,15.972200871632333,7.788912770734285,2.366251980982568,0.9859383254094032,0.4929691627047016,0.4081784667194929,0.36578311872688857,0.7532568806127841,80,215
76,1627749,13.721226897095637,9.830132702396874,4.915066351198437,2.0479443129993493,0.6143832938998046,0.4556676096423552,0.2795443987244112,0.7157565373932724,77,170
77,1626153,13.94122315592904,4.879428104575164,5.07858843537415,1.8920231425903693,0.8962214885954383,0.4680267773776177,0.3724298185941043,0.826515372815793,77,190
78,203471,22.27185262529833,3.5634964200477333,7.1269928400954665,1.1878321400159109,0.0989860116679926,0.4315790108724477,0.2870594338371785,0.8403912390612571,73,172
79,1628372,18.97172046316221,4.691930867233664,6.323906821054069,1.2239819653653037,0.3059954913413259,0.40391404857055024,0.3243552208218055,0.7088895549407384,75,195
80,1627756,13.405771149241819,6.752536578877361,4.1706843575419,1.0923220936419262,0.1986040170258048,0.4140893754988029,0.3833057528598032,0.7397999634211226,78,214
81,202324,16.000647418176857,9.37617555714822,1.7325541790382581,0.9172345653731956,1.3248943722057271,0.5758194771509504,0.22217459472372955,0.6604088870687007,82,265
82,201565,18.91670968834688,3.2370840108401087,3.3382428861788616,0.5057943766937669,0.4046355013550136,0.44712222899729,0.22457270325203246,0.8740126829268292,75,190
83,1626164,25.21727240248141,4.558506934294717,4.752485952775343,0.872905583162818,0.2909685277209393,0.4189946799181527,0.3714698203903992,0.8515678911299491,78,210
84,2734,15.745926784214944,3.409945927791772,4.011701091519732,1.3038028547439129,0.3008775818639799,0.4111993618807725,0.3409945927791772,0.8424572292191437,75,185
85,203473,14.15499966852294,11.383391341819149,2.078706245027844,0.9898601166799258,1.0888461283479185,0.5186867011402811,0.3494206211880138,0.7790199118271016,84,245
86,1627738,14.139542974781266,9.733743352204494,1.53690684508492,0.6147627380339681,1.53690684508492,0.6239841791044776,0.0,0.7018541259221136,83,237
87,1628415,13.422319780408301,3.893497340881797,1.9467486704408987,1.1270650197289416,0.30738136901698404,0.4498014033281866,0.36578382913021096,0.7551335632183908,78,220
88,203079,17.116454452405325,3.0565097236438086,4.482880928010919,0.9169529170931424,0.4075346298191744,0.4054969566700785,0.3117639918116684,0.7529202285909247,76,215
89,1717,17.951735492024458,8.465875260443351,2.345965433616832,0.8159879769102025,0.9179864740239778,0.4651131468388154,0.417173853195341,0.9159465040817024,84,245
90,1627734,17.057095063239494,11.574457364341084,3.0459098327213376,0.7107122943016455,0.6091819665442676,0.5269424010607915,0.3695703930368557,0.7503091221270229,82,252
91,1628378,22.319374424081087,3.97468311661718,3.97468311661718,1.6306392273301251,0.40765980683253134,0.4453683389645405,0.34651083580765163,0.8234728098017133,75,215
92,1627827,8.975867746012229,5.915912832598967,1.835972948047956,0.7139894797964271,0.4079939884551013,0.36413463469617785,0.2855957919185709,0.7843684428049321,80,220
93,203926,13.05580763056324,4.181938381664788,1.631975953820405,0.4079939884551013,0.3059954913413259,0.4763329815213307,0.4365535676469583,0.8057881271988249,80,219
94,1627733,8.72905583162818,5.819370554418787,2.230758712527201,0.3879580369612525,0.872905583162818,0.3646805547435773,0.3491622332651272,0.7477891162428141,85,225
95,203110,11.918658029901529,8.303983053619916,7.913207380508392,1.465408774168221,1.465408774168221,0.4425534497988026,0.2960125723819805,0.7581048058363595,79,230
96,1628407,8.715969485903816,6.2398417910447765,1.8818570480928691,0.7923608623548923,0.09904510779436154,0.3714191542288557,0.25355547595356553,0.7923608623548923,79,221
97,202779,18.283742980853802,3.535530410662337,5.050757729517624,1.6162424734456398,0.20203030918070494,0.4182027400040593,0.3363804647858738,0.8869130573032948,75,190
98,2730,19.511886235489218,14.460585737976785,1.485676616915423,0.6933157545605306,1.8818570480928691,0.5516812504145938,0.14163450414593698,0.5665380165837479,83,265
99,203939,14.687783584383645,9.79185572292243,1.9379714451617307,1.4279789595928545,0.7139894797964271,0.6140309526249274,0.3498548451002493,0.7323492092769067,83,240
100,2548,18.440941999317644,6.113019447287617,5.501717502558853,1.4263712043671102,1.1207202320027296,0.4523634390992836,0.2975002797679973,0.7345811702490618,76,220
101,202734,13.678186336614365,3.298286066985024,2.5222187571061947,1.0670925510833904,0.19401682746970733,0.4879523210863139,0.4151960107851737,0.6625674658090506,76,191
102,202334,10.367736205211175,14.192726261502678,1.0065763306030269,0.8052610644824215,1.3085492297839352,0.5888471534027707,0.0,0.671386412512219,82,245
103,202327,7.439791474693696,6.726386812736767,2.3440438892870548,1.9363840824545235,3.3631934063683837,0.5136513566089894,0.0,0.7643621378109962,82,245
104,203901,15.421331969209785,5.334423008217222,7.565181720744422,1.6488216570853234,0.3879580369612525,0.4781582805547436,0.31618580012342073,0.6294619149696321,76,185
105,2731,11.155967579508172,11.932034889387,0.6790588961439756,0.7760673098788293,2.5222187571061947,0.4850420686742683,0.0,0.7857681512523147,82,255
106,1626144,16.156864267231242,4.41554054508183,6.021191652384314,1.204238330476863,0.3010595826192157,0.3903739254629163,0.32113022146049675,0.7626842759686797,77,200
107,202683,19.769579258661828,15.35403871358,2.10741707833451,0.7024723594448365,0.7024723594448365,0.5940909097019189,0.0,0.8509950868703163,83,245
108,202339,20.568696729098807,4.356916055917481,5.572799606406081,2.3304434717698155,0.7092654044516831,0.4762210572747014,0.34956652076547234,0.794377252985885,73,205
109,201569,20.849799224961586,2.8930343422195497,2.5937549275071827,0.6983186343288568,0.498799024520612,0.4289671610877264,0.36013289570388185,0.8070568216743503,76,215
110,203961,5.757863811650092,12.525879169203709,3.6365455652526895,1.3131970096745824,2.323348555578107,0.5252788038698329,0.0,0.38890834517285705,82,238
111,101141,14.93544277728744,8.004616390441631,1.7571109149749928,1.2690245497041617,0.4880863652708313,0.4402539014742899,0.3475174920728319,0.7536053479781636,82,235
112,203095,19.75518732754895,3.474530434493534,3.1767135401083744,0.8934506831554803,0.2978168943851601,0.455659848409295,0.3762420099065856,0.8606908247731127,79,205
113,202323,11.676285434995112,4.428935854653319,3.1203866248693832,0.8052610644824215,0.5032881653015134,0.4479264671183469,0.3221044257929686,0.8545833046819697,79,220
114,1626163,16.639578109452742,5.546526036484245,2.4761276948590383,0.6933157545605306,0.39618043117744617,0.4209417081260365,0.3753809585406302,0.7864181558872306,84,242
115,1628412,15.461979563145087,4.81266913554847,5.529449645098243,1.3311638034495767,0.4095888625998698,0.38808544731337663,0.36555805987038376,0.842729084799232,71,190
116,1628373,9.533553449608496,3.7130681856369936,5.218366098733072,1.4049447188896727,0.4014127768256209,0.3562538394327385,0.3110949020398562,0.7235465302281817,77,190
117,1627832,15.733666133119915,4.381527277577699,5.676069427771108,1.5932826463918903,0.3983206615979726,0.4281947112178205,0.4182366946778712,0.8334859843937575,72,195
118,202066,12.492460309296026,3.481505332098893,2.867122038199088,1.3311638034495767,0.6143832938998046,0.4280203614168639,0.4013970853478724,0.7874345883482496,78,195
119,203914,18.253239966414775,2.808190764063812,3.1090683459277924,1.9055580184718728,0.2005850545759866,0.4874216826196474,0.4001671838790933,0.8294192006717045,76,210
120,201588,13.252116449783115,3.5870390390390385,3.686679012345679,1.1956796796796796,0.4981998665331999,0.4583438772105439,0.41450228895562224,0.780180990990991,75,188
121,101123,18.754843321975013,5.087750050110242,0.997598049041224,0.997598049041224,0.5985588294247344,0.4000368176655309,0.3671160820471704,0.828006380704216,79,205
122,203507,26.85076173995657,9.929715662323565,4.762210572747015,1.4185308089033661,1.4185308089033661,0.5410681799674268,0.3201826682953312,0.7680331093919653,83,222
123,201609,20.17296417604913,4.7885319003753,5.501717502558853,1.018836574547936,0.2037673149095872,0.4594952951211192,0.37900720573183216,0.8140504230638009,75,190
124,203476,12.54370054200542,9.711252032520324,1.922018631436314,1.2139065040650403,1.0115887533875338,0.4815162466124661,0.28122167344173443,0.7849928726287263,83,251
125,202328,17.958046070736927,12.377862263445792,3.6524839465905616,1.4204104236741073,0.811663099242347,0.5600475384772196,0.0,0.7487592090510651,83,265
126,203084,20.297700925641287,6.629902312395395,2.1419684393892817,0.7139894797964271,0.20399699422755066,0.4549132971274379,0.3692345595518666,0.8496474809577483,80,225
127,202355,20.07108051859434,16.70891982258615,1.4263712043671102,1.018836574547936,2.54709143636984,0.5542470965540772,1.018836574547936,0.7213362947799387,84,265
128,203546,13.193144267940097,3.007260825780464,2.5222187571061947,0.7760673098788293,0.29102524120456097,0.4316874411200988,0.3026662508527434,0.7401741967969334,75,175
129,101133,11.890827427954378,9.875432948640077,1.7130853074171561,1.2092366875885807,1.3100064115542958,0.5743874266045758,0.0,0.7154650401565769,83,262
130,1627819,13.561083598514983,2.8705943383717853,6.335104746751527,0.9898601166799258,0.2969580350039777,0.4197006894722885,0.2583534904534606,0.6938919417926279,75,170
131,202738,19.67161961318796,2.7133268431983386,6.201889927310488,0.5814271806853583,0.0969045301142264,0.3614538973260644,0.2839302732346833,0.8653574539200416,69,185
132,202397,15.657348961504637,4.0406061836140985,6.363954739192207,1.1111667004938774,0.30304546377105746,0.4848727420336919,0.33335001014816323,0.7050857790406603,72,175
133,1628397,14.24200343112026,11.16818974095042,2.1516695831188883,0.7172231943729627,0.6147627380339681,0.5819753920054898,0.0,0.827880487219077,82,220
134,1627826,14.244965926791275,10.271880192107997,2.228804192627207,0.5814271806853583,1.1628543613707163,0.4990583300882659,0.0,0.7103102057372794,85,240
135,200826,18.359729480479555,4.589932370119889,9.893854220036202,0.8159879769102025,0.10199849711377533,0.4477734023294736,0.3743344844075554,0.7996682173719984,72,185
136,200755,19.523454610833248,2.9285181916249883,3.5142218299499857,0.5857036383249976,0.09761727305416627,0.4470871105880816,0.4070640286358733,0.8844124938707464,76,200
137,2747,10.561837170503836,3.686679012345679,2.291719386052719,1.0960397063730398,0.19927994661328,0.4005526926926927,0.3716571004337671,0.6934942142142142,78,225
138,203210,13.627240693086293,11.065729284611423,1.844288214101904,0.7172231943729627,0.6147627380339681,0.4682442854692057,0.347340946989192,0.7387398902041515,81,227
139,201580,17.389517453462883,9.378616154676614,1.9538783655576275,1.1723270193345765,3.4192871397258484,0.5978867798606341,0.0,0.7327043870841103,84,270
140,203953,18.84619503257329,6.788683156894681,3.039708876221498,1.2158835504885994,0.6079417752442997,0.4954725468241043,0.3870562635722042,0.7599272190553747,80,250
141,203109,13.3508586737654,4.790002730282243,1.7325541790382581,1.1210644687894613,0.3057448551243985,0.4158130029691819,0.3342810416026757,0.8326451554554452,78,235
142,1626143,17.746889857369258,8.577663431061808,1.183125990491284,0.29578149762282097,1.7746889857369257,0.5501535855784471,0.2464845813523508,0.7138193475964079,83,260
143,1627751,12.945421501934106,9.161375216753367,1.3941223155929041,0.8962214885954383,2.389923969587836,0.6403004635187409,0.4979008269974657,0.595489389088969,84,230
144,2037,18.714391937669376,2.124336382113821,4.0463550135501345,0.9104298780487804,0.2023177506775068,0.42587886517615176,0.34292858739837395,0.9104298780487804,77,185
145,1627750,19.15587271200672,4.212286146095718,3.811116036943745,1.2035103274559196,0.4011701091519732,0.4503134475230899,0.3831174542401344,0.9146678488664988,76,207
146,2749,8.88933360395102,3.7375607198430414,6.464969893782558,1.0101515459035249,0.10101515459035247,0.3929489513564712,0.33436016169406674,0.8081212367228199,72,190
147,203516,11.515727623300185,5.151772884107976,1.6162424734456398,1.0101515459035249,0.4040606183614099,0.4818422873959813,0.34143122251539143,0.8414562377376361,79,210
148,201935,31.125059130086193,5.4867892697267315,8.878622636466893,1.7956764882742031,0.6983186343288568,0.4479215240195096,0.3641232879000468,0.8589319202244939,77,220
149,201949,14.773130330945072,6.826205049471171,5.297950187649267,1.3244875469123167,0.9169529170931424,0.5124747969976118,0.3148205015353122,0.7060537461617196,80,240
150,201162,7.565181720744422,4.752485952775343,4.170548897333464,1.2608636201240704,0.4849475462015656,0.3704999252979961,0.3617708694663679,0.8030731365097925,79,240
151,1626185,12.500175673357349,7.069771487390633,1.639367301423915,0.8196836507119575,1.1270650197289416,0.4569736352719162,0.3555377834963115,0.7858717001200892,82,239
152,1628386,14.690481048600105,9.563601756471211,1.2817198230322242,0.6901568277865822,1.9718766508188064,0.5787457970153196,0.2819783610670893,0.7611443872160593,83,234
153,101127,10.637438585878952,4.315187350875425,8.128608730718822,0.8028255536512419,0.10035319420640523,0.4265010753772222,0.29704545485095946,0.8319279799710992,75,200
154,1891,7.39662493213898,2.229119842562433,2.6344143593919656,1.722501696525516,0.6079417752442997,0.3921224450325734,0.35361946593376764,0.9007670636536376,74,185
155,1628393,10.533889493291133,3.839455048956582,4.528588006461608,1.6736086110836383,0.2953426960735832,0.34653543005967097,0.27368423169485384,0.7639531071770019,72,190
156,1627759,16.74055142187341,5.9860153569123105,1.9276998607005744,1.2174946488635203,0.4058315496211735,0.4687354398124554,0.3855399721401148,0.6544033737641423,79,225
157,1628369,16.53763564706282,6.087473244317603,1.9276998607005744,1.1160367614582272,0.9131209866476404,0.4819249651751436,0.4352543369687086,0.8400713077158292,80,205
158,201145,16.340955622288956,4.981998665331998,1.9927994661327997,0.7971197864531199,0.6974798131464798,0.4633258758758759,0.2899523223223223,0.8588965699032366,81,235
159,201952,15.376149051490511,3.3382428861788616,7.789233401084012,1.6185420054200543,0.4046355013550136,0.4481338177506775,0.3773226050135501,0.8517577303523035,74,189
160,203924,14.658955685562505,7.028266424584763,1.204845672785959,0.7028266424584763,1.6064608970479461,0.5301320960258221,0.2881589234079753,0.6606570439109678,81,220
161,203087,18.81857048092869,5.942706467661692,3.3675336650082923,1.089496185737977,0.5942706467661691,0.44966478938640136,0.3595337412935323,0.8507974759535656,77,185
162,1626170,13.00856311519021,3.77347632349029,7.447650638467678,1.290926110667731,0.1986040170258048,0.4111103152434158,0.3326617285182229,0.7487371441872839,76,198
163,201573,11.714072766499953,3.0261354646791543,2.0499627341374915,0.8785554574874964,0.19523454610833252,0.4060878559053317,0.3611839103004152,0.7760573207806218,75,200
164,202710,21.749158197831978,5.361420392953929,4.855626016260162,1.922018631436314,0.4046355013550136,0.4784814803523035,0.360125596205962,0.8750242716802168,80,236
165,201975,15.518537490720119,4.131558682594316,2.3177036512114464,1.0076972396571506,0.10076972396571507,0.401063501383546,0.33455548356617404,0.8827427819396639,76,210
166,203925,15.084856378763867,4.633910129424195,2.1690643159006866,0.5915629952456419,0.29578149762282097,0.4781800878235605,0.4052206517432647,0.8124131801373482,78,219
167,204060,13.3508586737654,4.8919176819903765,5.401492440531039,1.3248943722057271,0.20382990341626567,0.47186622640865505,0.4504640865499471,0.825511108835876,80,226
168,2207,11.272857954165833,5.087750050110242,2.49399512260306,0.5985588294247344,0.1995196098082448,0.40901520010690173,0.2763346595844191,0.8788838812053185,79,240
169,1626202,13.503533591731264,4.2642737658098735,2.5382581939344484,1.0153032775737794,0.10153032775737794,0.4396263191894465,0.372616302869577,0.7706151876784986,74,185
170,203954,26.55189827073323,12.690245497041614,3.6118391030041517,0.7809381844333302,2.0499627341374915,0.471491428851623,0.3006612010068321,0.7506768297865386,84,250
171,203530,15.769171210094989,11.878077015396222,2.662327606899153,0.6143832938998046,0.2047944312999349,0.5345134656928301,0.0,0.6594380687857904,83,260
172,1628381,15.639789843542829,10.888461283479183,1.7817482100238664,0.8908741050119332,1.6827621983558738,0.572139147440997,0.3454611807212941,0.7255674655263856,82,235
173,203089,12.361482763300762,9.52442114549403,2.127796213355049,0.8105890336590664,2.0264725841476663,0.5815976316503799,0.1448927897665581,0.6008491211997828,83,229
174,202322,20.15394479314301,3.7284797867314574,9.976202672605794,1.4107761355200108,1.108466963622866,0.4171866572180604,0.35974791455760274,0.722518920834177,76,210
175,201973,13.656603528889802,8.153196136650626,1.4268093239138595,0.8153196136650627,0.40765980683253134,0.465751329306167,0.41479385345210057,0.8153196136650627,82,231
176,202685,20.21477357609711,13.642482659730561,1.692862811791383,0.5974809923969588,1.3941223155929041,0.5616321328531413,0.406287074829932,0.8006245298119249,84,255
177,1628371,9.629412918453507,6.6512439746019085,1.1912675775406405,2.1839905588245068,1.9854459625677336,0.3762420099065856,0.3454675974867857,0.7544694657757389,82,210
178,203613,16.975562979954127,4.1694365213922415,2.9781689438516006,0.9927229812838668,0.2978168943851601,0.4616161862969981,0.3355403676739471,0.7624112496260098,78,195
179,1628395,11.625576275067885,9.183228318120848,4.493920240782543,1.563102692446102,2.540041875224916,0.6164486243334315,0.0,0.6740880361173814,81,224
180,203903,21.522234234234237,4.184878878878879,4.284518852185519,1.0960397063730398,0.09963997330663997,0.4513690790790791,0.3467471071071071,0.7931341875208542,77,194
181,101181,10.163277277277276,3.1884791458124795,4.683078745412079,1.0960397063730398,0.09963997330663997,0.5091602635969302,0.4712970737404071,0.7971197864531199,75,200
182,1628404,10.659498312564905,6.298794457424715,1.938090602284528,1.0659498312564903,0.3876181204569056,0.44285370262201457,0.3740514862409138,0.6502293970664591,77,215
183,203962,5.723016945733308,5.9238245578643,0.7028266424584763,0.6024228363929797,1.6064608970479461,0.3293244838948289,0.2841427711653554,0.30121141819648983,79,230
184,1628367,17.943059209457928,6.110339082139727,2.1337692032868887,1.4548426386046966,0.5819370554418787,0.40832583390171817,0.2599318847640392,0.6090941180291664,80,200
185,1626196,14.365595701125898,3.871578983282157,3.158393381098602,1.6301385192766975,1.018836574547936,0.4625518048447629,0.3891955714773115,0.8619357420675539,78,200
186,201950,18.23758178215249,4.365378618068415,5.626487996621512,1.3581177922879513,0.6790588961439756,0.4743711431634344,0.3259482701491083,0.7624861319559498,76,205
187,203944,21.02828303478713,10.368784722222225,3.294754023883697,0.6783317107995847,0.7752362409138112,0.5416963233385256,0.2257875551661475,0.6822078920041537,81,250
188,1626147,15.130677323395775,6.2475054754666415,1.7571109149749928,0.9761727305416626,0.3904690922166651,0.41096871955804,0.3074944101206237,0.7047967114510804,78,230
189,203200,13.80297918329343,4.567892391593508,2.383248204309657,1.1916241021548284,0.4965100425645119,0.3713895118382549,0.3654313913274807,0.8222206304868316,78,185
190,1628382,11.468488152796352,4.710271919898502,1.8431498816994139,0.716780509549772,0.3071916469499023,0.4618114425813532,0.3235752014538971,0.7393078969927649,80,210
191,1626159,11.512853292391677,8.048808938928694,3.2602770385533955,1.2226038894575229,0.7131856021835551,0.42994903445922894,0.4024404469464347,0.6653002831798022,79,225
192,203994,19.82955371287963,12.078915967236323,2.516440826507567,1.1072339636633295,1.9124950281457511,0.5063078942933226,0.0,0.6492417332389524,84,280
193,1626157,21.749158197831978,12.54370054200542,2.427813008130081,0.8092710027100272,1.4162242547425472,0.5472695155826558,0.4289136314363144,0.865919972899729,84,248
194,203482,18.033407369498466,8.76199454111225,4.279113613101331,1.3244875469123167,0.7131856021835551,0.5114559604230638,0.3881767349027636,0.7732969600818834,84,245
195,1626162,15.619307214685836,5.945413713977189,1.6123155834514409,1.2092366875885807,0.6046183437942904,0.4111404737801174,0.3406016670041169,0.8273194337585206,79,205
196,202689,23.1765552238806,3.2684885572139297,5.7446162520729676,1.1885412935323385,0.29713532338308457,0.4268844145936982,0.3823141160862355,0.8527783781094528,73,184
197,202702,14.743001511335011,12.035103274559194,1.404095382031906,0.9026327455919396,1.002925272879933,0.5155035902602856,0.0,0.7080652426532326,80,228
198,203145,16.629649960222753,4.949300583399629,4.553356536727659,1.979720233359852,0.8908741050119332,0.4157412490055688,0.3900048859718908,0.7879286528772209,77,201
199,203484,14.244965926791275,5.6204627466251305,2.228804192627207,1.5504724818276223,0.1938090602284528,0.41959661539460025,0.3759895768431984,0.7616696066978194,77,205
200,201142,27.158909281251024,7.03396211600746,5.470859423561356,0.781551346223051,1.856184447279746,0.5050775574966467,0.41519915268099583,0.8694758726731443,81,240
201,201567,22.518633967300634,12.156076743410075,2.19207941274608,0.8967597597597597,0.4981998665331999,0.4533618785452119,0.4055346913580247,0.8788245645645646,82,251
202,1626172,9.9647796643439,8.401676971897798,1.660796610723983,1.2700209376124578,2.1492662021133904,0.555878395001145,0.24423479569470344,0.5402473680766839,81,220
203,203920,9.728685216581896,10.82068049599415,2.1839905588245068,0.7941783850270936,1.2905398756690272,0.5013251055483529,0.0,0.6700880123666102,81,220
204,203114,20.163402212269272,5.268828718783932,3.951621539087948,1.4185308089033661,0.2026472584147666,0.4741945846905538,0.3657783014386537,0.8886082281487515,80,234
205,202691,20.320335001799325,3.9077567311152546,2.7354297117806783,0.781551346223051,0.4884695913894069,0.4796771387443976,0.4288763012398992,0.812813400071973,79,215
206,1628424,10.246045633899467,3.176274146508835,3.688576428203808,1.2295254760679362,0.30738136901698404,0.4211124755532681,0.1967240761708698,1.0246045633899468,76,170
207,201585,12.594857524945994,12.492460309296026,2.355135959949251,1.2287665877996092,0.8191777251997396,0.5846881013613141,0.0,0.4566915817988548,84,265
208,1627739,16.38483140462889,5.163704442670924,7.249046621441872,2.4825502128225594,0.5958120510774142,0.4260056165203512,0.31875944732641665,0.7249046621441874,76,210
209,204001,25.28900494001412,7.325783177067581,1.304591524683268,0.8028255536512419,2.7095362435729413,0.4405505225661189,0.3963951171153007,0.7958008300567935,87,240
210,203937,10.854104858896546,7.474996742447622,3.788696979048796,2.1503415286493164,1.1263693721496422,0.5375853821623291,0.3348388951753936,0.7270202311147688,81,230
211,1627858,7.649887283533149,8.261878266215799,3.977941387437237,1.4279789595928545,0.5099924855688766,0.3906542439457594,0.2723359872937801,0.5385520647607337,78,210
212,2594,15.444195862529194,3.686679012345679,1.9927994661327997,0.6974798131464798,0.5978398398398398,0.4553546780113447,0.4354266833500167,0.8828101634968302,79,212
213,1628398,18.121147131360335,7.074030698338526,2.034995132398754,0.6783317107995847,0.4845226505711319,0.4380084761163033,0.3566086708203531,0.6851150279075805,81,220
214,200768,18.12359010270775,6.173970254768576,7.568092570361477,1.1949619847939177,0.1991603307989863,0.4262031079098306,0.3993164632519675,0.8504146125116714,72,205
215,203124,14.250153577309543,12.042383304768627,4.114480962462614,0.9031787478576472,2.5088298551601307,0.5880697180495346,0.07727195953893203,0.7697089995631281,82,250
216,202681,27.698003261645088,4.2612312710223215,5.783099582101723,1.2174946488635203,0.3043736622158801,0.4981582271599905,0.41394818061359695,0.901960619033058,75,193
217,200746,25.599303912491866,9.318146624147037,2.2527387442992843,0.6143832938998046,1.3311638034495767,0.5242737441278333,0.3071916469499023,0.8570646949902274,83,260
218,202362,15.12801883584931,8.122426220590235,4.568864749082007,0.9137729498164014,0.3045909832721338,0.441656925744594,0.2964685570515436,0.6822838025295798,78,230
219,202498,7.827549148099608,4.616246933494639,1.204238330476863,0.8028255536512419,0.4014127768256209,0.3783315421581477,0.4014127768256209,0.8329315119131634,80,235
220,204038,15.152273188552874,3.8385758744333933,2.42436371016846,1.4142121642649348,0.20203030918070494,0.3818372843515324,0.3485022833367161,0.8020603274473987,74,200
221,1626204,14.547436102769435,11.259316983650315,2.09243943943944,2.291719386052719,0.8967597597597597,0.5878758425091758,0.16639875542208876,0.6596166232899566,81,230
222,1628374,18.072965549348236,8.937180766161212,1.3902281191806332,0.5958120510774142,0.6951140595903166,0.4299776968608673,0.3545081703910615,0.8460531125299282,84,230
223,2544,26.504232899566237,8.369757757757759,8.768317650984319,1.3949596262929596,0.8967597597597597,0.5400486553219886,0.3646823023023023,0.7293646046046046,80,250
224,1628366,10.368784722222225,7.074030698338526,7.364744288681205,1.7442815420560749,0.8721407710280374,0.3488563084112149,0.2955588168483905,0.437039430815161,78,190
225,101150,24.513443774107408,2.75653183002011,5.709958790755942,1.1813707842943328,0.2953426960735832,0.4302158606138529,0.35342675963472125,0.8673230508027561,73,175
226,201601,10.474779514932854,4.289671610877264,1.2968774637535914,1.4963970735618362,0.5985588294247344,0.4868278479321173,0.3541473074096345,0.6953258401817332,80,230
227,203512,10.45591736694678,7.568092570361477,1.8920231425903693,2.0911834733893557,3.6844661197812463,0.6074390089369082,0.27683285981059097,0.6761493230625585,84,220
228,202337,13.448642784032755,4.992299215284887,1.6301385192766975,0.4075346298191744,0.4075346298191744,0.4391185636301604,0.4024404469464347,0.7875606721255545,81,225
229,1628379,13.435015560516883,4.242636492794804,3.0304546377105748,1.1111667004938774,0.30304546377105746,0.4414362255598404,0.4050707699073135,0.8566085109261891,77,200
230,1627781,9.858436374549823,3.7840462851807386,1.3941223155929041,1.0953818193944247,0.09958016539949316,0.3316019507803122,0.2987404961984794,0.7697546785380821,78,205
231,1627763,15.806486156351793,3.951621539087948,3.850297909880565,1.1145599212812165,0.30397088762214985,0.4934460742399566,0.3830033184039088,0.8936744096091206,77,215
232,1627098,11.878321400159106,3.4645104083797404,5.741188676743571,1.1878321400159109,0.1979720233359852,0.3781265645717317,0.3672381032882525,0.7958475338106604,75,190
233,1627736,12.035103274559194,4.412871200671705,1.9055580184718728,0.9026327455919396,0.4011701091519732,0.4081905860621327,0.3339741158690177,0.6689511570109153,77,196
234,1628370,16.342442786069654,2.971353233830846,3.4665787728026536,0.7923608623548923,0.39618043117744617,0.3436865240464345,0.334772464344942,0.7705709386401327,75,200
235,1938,15.973965641394921,3.8910941946987623,4.607874704248535,1.2287665877996092,0.5119860782498372,0.43723611082536096,0.33176697870589456,0.8519448342077289,78,205
236,201188,19.262565791731,9.016520157831533,4.61072053525476,0.8196836507119575,1.53690684508492,0.4293093120603877,0.346316342425802,0.8534956013038256,85,255
237,101162,12.193136599851522,10.883130188297226,2.7207825470743066,0.7053880677600054,1.108466963622866,0.5260179591010327,0.0,0.6781802422892624,83,240
238,201158,17.180640057533267,2.6356663724624894,2.6356663724624894,1.1714072766499952,0.19523454610833252,0.4314683468994149,0.3670409466836652,0.8863648393318297,77,210
239,202694,18.769709169979283,7.5078836679917105,1.8262419732952808,0.9131209866476404,0.3043736622158801,0.4372834947168144,0.3845253932660619,0.8248526246050352,81,235
240,203935,12.479320150851086,4.2612312710223215,5.884557469507016,1.623326198484694,0.5072894370264669,0.3723504467774267,0.3053882410899331,0.7396279991845887,76,220
241,201596,12.910017498713328,4.098418253559787,5.123022816949733,2.049209126779893,0.30738136901698404,0.3883251295247898,0.2879138823125751,0.8770615062617945,74,190
242,1626209,15.486478508028323,6.055610185831587,2.1839905588245068,1.7869013663109603,0.6949060868987068,0.4417617266713208,0.32859130680496,0.8001347229147968,80,218
243,202693,15.417767766754404,7.557729297428629,2.6200128231085915,1.108466963622866,0.7053880677600054,0.4917562529526895,0.3799018593507458,0.8343733144361207,82,245
244,1627737,12.41465718276008,9.02002435934912,1.8428006755659492,1.1638741108837574,1.6488216570853234,0.40735593880931503,0.2870889473513268,0.5770875799798629,82,240
245,201578,21.442816395731526,7.147605465243843,2.0847182606961208,0.2978168943851601,1.1912675775406405,0.3911328546258436,0.3673075030750307,0.7495058508693195,82,255
246,101107,12.776818905472636,6.636022222222223,1.6837668325041462,0.9904510779436152,0.5942706467661691,0.4466934361525705,0.39717088225538977,0.8161316882255389,81,237
247,203486,13.038028547439128,10.02925272879933,3.6105309823677594,1.2035103274559196,2.005850545759866,0.5987463879093199,0.0,0.4513163727959698,83,255
248,203521,8.409861224212817,3.2423561346362657,7.39662493213898,0.7092654044516831,0.0,0.3738841917752444,0.38199008211183505,0.9321773887079264,76,198
249,203090,11.072339636633297,4.630251120773924,1.5098644959045404,1.4092068628442376,1.207891596723632,0.4982552836484983,0.41772917720025615,0.7166823473893551,81,220
250,1628467,11.423831676742836,6.833899306622946,1.5299774567066295,0.8159879769102025,1.4279789595928545,0.4885728011749837,0.3110954161970147,0.7609087884687639,83,220
251,201563,21.274877171757904,9.03178747857647,2.609183049366536,0.7024723594448365,0.9031787478576472,0.5097942265685386,0.4114480962462614,0.7827549148099608,81,235
252,203487,10.201646102819238,5.942706467661692,4.9522553897180766,1.8818570480928691,0.9904510779436152,0.3288297578772803,0.2347369054726368,0.8121698839137645,78,190
253,203077,13.272044444444445,5.942706467661692,1.3866315091210613,0.9904510779436152,0.5942706467661691,0.4991873432835821,0.0,0.6725162819237148,79,232
254,201144,20.287170355120946,2.663971864813861,4.81564144793275,1.2295254760679362,0.30738136901698404,0.3903743386515697,0.31967662377766337,0.8227574644021273,73,175
255,203488,13.759055621850967,7.720908910103422,1.5837761866878814,1.0888461283479185,0.9898601166799258,0.4553356536727659,0.3751569842216919,0.905722006762132,83,240
256,203118,17.231622798137277,6.247722885874334,2.0153944793143013,0.6046183437942904,0.3023091718971452,0.5371026287372613,0.4171866572180604,0.6812033340082339,80,237
257,203101,9.304685096791305,8.908741050119332,1.7817482100238664,0.692902081675948,1.1878321400159109,0.5760985879077167,0.0,0.42662971028904795,83,249
258,1628462,13.388868888669107,3.9379026143144436,6.497539313618832,0.6891329575050275,0.19689513071572215,0.4124952988494379,0.3731162727062935,0.8348353542346619,77,196
259,1626149,23.03673029373949,8.564938186133912,1.8705037417993604,0.8860280882207497,1.378265915010055,0.6310488939438895,0.164407434147628,0.6340023209046254,80,240
260,1627988,10.143585177560473,3.688576428203808,2.049209126779893,2.663971864813861,0.6147627380339681,0.37398066563733057,0.32684885572139305,0.6147627380339681,78,210
261,1626167,16.955564735482113,8.42701720386237,1.7260155718754249,0.8122426220590235,2.3351975384196924,0.4985139092887256,0.3837846389228886,0.7868600401196791,83,255
262,202357,12.442541666666667,7.283439024390244,2.2254952574525753,1.2139065040650403,0.4046355013550136,0.4815162466124661,0.43397157520325197,0.8092710027100272,82,230
263,2403,16.460367809180198,8.479583416850405,2.194715707890693,1.2968774637535914,0.6983186343288568,0.5776092703948686,0.0,0.6394603494354246,83,250
264,203457,10.199849711377533,13.05580763056324,1.5299774567066295,2.447963930730608,1.73397445093418,0.5344721248761827,0.0,0.7649887283533148,83,220
265,201156,15.044863414793733,3.0285114666143227,0.8792452645009324,0.9769391827788138,0.19538783655576275,0.4044528216704289,0.3692830110903916,0.8255136094480976,79,210
266,201587,13.172999336650085,5.4474809286898855,6.2398417910447765,1.1885412935323385,0.39618043117744617,0.40707539303482587,0.32486795356550585,0.8200934925373135,80,200
267,203917,12.225635235076599,4.4367224643423135,2.366251980982568,0.5915629952456419,0.19718766508188065,0.3855018852350767,0.4101503433703117,0.7621303255414686,78,205
268,203999,20.45967556675063,11.834518219983211,6.71959932829555,1.3038028547439129,0.9026327455919396,0.5034684869857263,0.39916425860621335,0.8504806314021831,82,250
269,202703,19.498691160705587,9.118790891076245,1.8431598609622195,0.9700841373485366,0.9700841373485366,0.424896852158659,0.35796104668161,0.7809177305655721,82,238
270,202696,20.05300422193411,11.019225092250922,3.970891925135468,1.1912675775406405,1.2905398756690272,0.4725361390911206,0.31469318506698585,0.8110546757089192,84,260
271,203943,10.823918927906359,12.710657089651505,1.3902281191806332,0.7944160681032191,0.6951140595903166,0.4409009177972865,0.3008850857940942,0.6166654728651237,81,245
272,1626181,13.144581832733095,3.9832066159797255,2.887824796585301,1.1949619847939177,0.4979008269974657,0.4023038682139523,0.2877866780045352,0.8175531579298386,76,215
273,1628384,10.356337201547287,4.281947112178205,1.3941223155929041,1.294542150193411,0.2987404961984794,0.4610561657996533,0.3555011904761905,0.624367637054822,80,235
274,201956,14.26331206857068,9.476310072954492,2.4423479569470343,0.8792452645009324,0.8792452645009324,0.566624726011712,0.4445073281643603,0.7082809075146399,81,225
275,203490,16.92931362624013,7.255420125531485,2.3177036512114464,1.7130853074171561,0.6046183437942904,0.5048563170682324,0.44640987716811775,0.8373964061550921,80,198
276,200782,7.881024587425671,6.983186343288567,1.1971176588494687,1.2968774637535914,0.3990392196164896,0.3890632391260774,0.3721040722923766,0.7152778011625577,78,245
277,1627783,12.845841336534615,7.866833066559957,3.385725623582766,1.3941223155929041,0.8962214885954383,0.5098504468454049,0.2121057523009204,0.6403004635187409,81,230
278,1626192,10.770366737452388,3.8249900562915022,2.315125560386962,0.5032881653015134,0.603945798361816,0.4207489061920652,0.3563280210334715,0.8425043887147334,77,210
279,201976,14.274896976889856,4.823930702535193,3.4456647875251383,1.8705037417993604,0.4922378267893054,0.39674368839218016,0.3937902614314444,0.8112079385487753,73,185
280,1627775,8.401676971897798,3.0285114666143227,2.9308175483364414,1.563102692446102,0.3907756731115255,0.3995681257565348,0.2325115255013577,0.7473584748257925,79,185
281,202335,8.935938739829199,5.522209333602314,1.506057090982449,1.305249478851456,0.7028266424584763,0.3935829197767468,0.3815344630488872,0.8634727321632709,81,230
282,201988,14.43800740664541,2.7647248225491214,3.99349141034873,0.9215749408497069,0.2047944312999349,0.4218765284778658,0.3850135308438776,0.9185030243802079,72,185
283,2200,15.973965641394921,12.697254740595966,4.81266913554847,0.5119860782498372,1.6383554503994793,0.4689792476768509,0.3706779206528821,0.7771948667832529,84,250
284,202331,21.38601069195078,5.622613139667809,3.313325600161388,2.0080761213099323,0.5020190303274831,0.4297282899603255,0.3986031100800216,0.8213031336157622,81,220
285,200794,18.353532493702765,7.923109655751469,3.510238455079765,1.404095382031906,1.404095382031906,0.4814041309823678,0.36707064987405547,0.7040535415617128,80,246
286,1627835,9.433690808725725,5.660214485235436,1.9860401702580477,0.8937180766161213,0.6951140595903166,0.3435849494546422,0.333654748603352,0.7258976822293163,80,226
287,203112,10.253758584257794,6.802974445324883,1.4789074881141049,0.7887506603275226,0.7887506603275226,0.3381768456154253,0.3322612156629689,0.8163569334389857,79,240
288,1626188,15.142557333071613,3.9077567311152546,4.200838485948899,0.6838574279451696,0.09769391827788138,0.4816310171099552,0.4191069094121111,0.8841299604148265,74,179
289,200765,10.864942338303608,5.432471169151804,10.767933924568755,1.3581177922879513,0.19401682746970733,0.4491489555923725,0.32109784946236564,0.5636188837994998,73,186
290,201196,12.394676047782953,3.5269403388000278,6.953110953634339,1.3100064115542958,0.20153944793143014,0.35571712559897417,0.3103707498144024,0.7739114800566917,75,190
291,203526,13.758518480597932,3.567023309784649,5.503407392239173,0.8153196136650627,0.3057448551243985,0.4647321797890857,0.4209087505545885,0.8030898194600867,73,179
292,101109,14.960167103758993,4.216959854750858,5.421805527536818,1.305249478851456,0.4016152242619865,0.4076394526259163,0.3463931309259633,0.8172869813731424,73,205
293,203493,14.647197415601113,3.2324849468912795,2.0203030918070497,1.0101515459035249,0.30304546377105746,0.4939641059468237,0.44951743792706855,0.8040806305392059,79,205
294,202704,20.001000608889797,3.939591029023747,6.970045666734323,0.8081212367228199,0.10101515459035247,0.4313347101008051,0.3151672823218998,0.8343851769163115,75,208
295,1626158,14.154504592854106,10.054579124579126,3.0261354646791543,0.9761727305416626,1.3666418227583277,0.5242047563008728,0.12592628223987448,0.6511072112712889,82,235
296,201937,16.10256236988499,5.6053223439473046,6.624471861028634,1.9363840824545235,0.20382990341626567,0.4219279000716699,0.3577214804955462,0.8774877342070236,76,190
297,203496,14.154504592854106,5.954653656304142,2.1475800071916584,1.8547281880291588,0.8785554574874964,0.40120699225262335,0.3621600830309568,0.8346276846131215,81,225
298,201577,15.987623370577285,6.156724527799947,2.581852221335462,0.2979060255387071,1.0923220936419262,0.5263006451183826,0.2840037443469008,0.7507231843575419,84,277
299,203918,19.72871471471472,3.686679012345679,2.09243943943944,0.9963997330663996,0.2989199199199199,0.4274554854854855,0.3816210977644311,0.8638785685685686,80,206
300,1627758,6.623310817622745,2.8098894377793453,4.41554054508183,2.4084766609537254,0.6021191652384313,0.3401973283597137,0.33417613670732943,0.7436171690694627,76,220
301,1626178,18.042671354992077,8.479069598520868,3.0564088087691497,1.183125990491284,0.7887506603275226,0.4693066428948759,0.2464845813523508,0.770017832144744,79,214
302,1626220,10.599154977645817,7.439791474693696,3.0574485512439846,1.2229794204975941,0.5095747585406641,0.412755554417938,0.33937678918808234,0.8295877069042011,78,226
303,200752,19.455470973493814,8.703763330247233,2.1503415286493164,1.433561019099544,1.1263693721496422,0.4822908857113466,0.3348388951753936,0.7812907554092516,80,230
304,203497,15.287242756219927,12.229794204975937,1.5287242756219923,0.9172345653731956,2.6497887444114543,0.6339109996245862,0.0,0.7021940172690352,85,245
305,201566,25.502566740636137,9.839572994418667,10.04038060654966,1.8072685091789389,0.20080761213099324,0.4538252034160447,0.2981993040145249,0.73997605070271,75,200
306,201583,12.869014832631793,6.8834265383844455,1.2968774637535914,0.498799024520612,0.3990392196164896,0.4299647591367676,0.3850728469299125,0.7721408899579074,82,240
307,1626257,10.811840694060182,12.443816647880588,1.73397445093418,1.1219834682515286,3.365950404754585,0.6548303514704376,0.0,0.5875113433753457,86,235
308,1626155,12.01060297365905,6.6944344443345525,1.4767134803679165,0.9844756535786108,0.3937902614314444,0.4735327893713118,0.164407434147628,0.6684589687798768,81,230
309,203930,16.980643455706307,4.965100425645119,2.681154229848364,0.5958120510774142,0.2979060255387071,0.3415989092843841,0.2849967644320298,0.9076203578079276,76,212
310,1628400,5.681641694696429,4.971436482859376,0.7102052118370537,0.7102052118370537,0.10145788740529338,0.32162150307478005,0.3053882410899331,0.6188931131722896,79,235
311,201586,16.43072729091637,8.265153728157932,1.0953818193944247,0.4979008269974657,1.692862811791383,0.4769889922635721,0.3495263805522209,0.7996287281579301,82,235
312,203498,17.731635111292075,6.282065010857765,1.3172071796959828,0.8105890336590664,0.30397088762214985,0.4529166225570033,0.2431767100977199,0.7538478013029317,78,221
313,203894,15.299960225166009,3.9256476893518046,3.6236747901708974,2.0131526612060537,0.301972899180908,0.4298080931674925,0.3855187346209593,0.8404912360535274,73,175
314,203499,11.261825501987564,4.058315496211735,4.058315496211735,1.318952536268814,0.10145788740529338,0.3977149186287501,0.3926420242584854,0.9222521965141168,71,175
315,2733,12.211739784735173,4.005450649393136,4.298532404226781,1.0746331010566952,0.6838574279451696,0.4972620440344162,0.0,0.7883899205025028,79,192
316,202714,12.508309564176724,4.467253415777401,7.048333167115454,1.3898121737974136,0.1985445962567734,0.43481266580233374,0.3494384894119211,0.7078114856553971,75,203
317,1628414,8.368043055418191,4.331692875745889,1.8705037417993604,1.4767134803679165,0.7875805228628887,0.4203711040780668,0.3278303926416774,0.6851950548907131,77,215
318,1627746,15.56437677879505,8.601366114597267,2.1503415286493164,0.716780509549772,1.433561019099544,0.4587395261118542,0.36146217124438507,0.8242975859822379,83,225
319,203915,15.57782554146857,4.042347134178553,8.084694268357106,1.0845321579503435,0.3943753301637613,0.381558131933439,0.3224018324088749,0.8005819202324355,78,200
320,1626169,11.515727623300185,4.848727420336918,2.121318246397402,1.8182727826263447,0.30304546377105746,0.3808271328056289,0.282842432852987,0.79094866044246,79,245
321,201939,29.01509372853077,5.666247260117119,6.643186442895932,1.7584905290018649,0.19538783655576275,0.4835848954755128,0.4132452743154382,0.8997609873392876,75,190
322,1628425,10.335010179153095,6.788683156894681,1.2158835504885994,1.5198544381107495,0.5066181460369165,0.4134004071661238,0.3617253562703584,0.8865817555646038,78,230
323,203500,15.361782328020984,10.04038060654966,1.305249478851456,1.305249478851456,1.204845672785959,0.6295318640306637,0.0,0.5552330475421964,84,255
324,204456,9.859344578470793,4.685629106599981,6.2475054754666415,1.8547281880291588,0.2928518191624988,0.4880863652708313,0.4070640286358733,0.7760573207806218,74,190
325,1628388,11.980578675370598,6.599471304229566,0.7107122943016455,0.40612131102951177,0.3045909832721338,0.4782078437372501,0.4690701142390861,0.6772072861417109,82,230
326,203933,20.755754977427003,5.4314125174575345,1.3578531293643834,1.0668846016434443,0.6789265646821917,0.4830077560167593,0.2153167105134951,0.7342105849491702,80,215
327,201959,13.251812669376696,7.688074525745256,1.3150653794037939,0.8092710027100272,0.7081121273712736,0.5877330657181571,0.2023177506775068,0.7758885738482385,81,235
328,204028,12.4699756130153,10.87381873454934,0.8978382441371017,1.4963970735618362,1.995196098082448,0.5985588294247344,0.0,0.471863877196499,81,250
329,1627752,16.233705913550782,5.642202665075578,2.9695803500397773,1.1878321400159109,0.5939160700079554,0.4177209692389287,0.3781265645717317,0.8304926378944577,80,220
330,1628390,8.634727321632708,2.208883733440926,0.8032304485239731,1.104441866720463,0.5020190303274831,0.4106515668078811,0.3192841032882792,0.9036342545894696,79,184
331,203082,12.309764967919948,4.3679811176490135,2.1839905588245068,1.687629068182574,0.5956337887703201,0.4040382533825338,0.32660586084239224,0.7375931750939131,79,206
332,1626179,16.13180409744165,6.594762681344068,3.9568576088064416,1.4204104236741073,0.3043736622158801,0.4038023918730677,0.3926420242584854,0.7832548907688649,74,190
333,200757,14.166178287430466,7.337876522985563,1.5287242756219923,2.3440438892870548,0.5095747585406641,0.5014215624040135,0.3882959660079861,0.8306068564212825,79,220
334,201152,13.402003263973887,7.107122943016456,2.1321368829049367,1.8275458996328031,0.5076516387868897,0.4944526961784305,0.3289582619339045,0.6112125730994151,80,230
335,1627748,10.537657437567864,6.687359527687298,1.4185308089033661,1.1145599212812165,1.6211780673181329,0.4225195337947883,0.30397088762214985,0.6981198052388708,85,223
336,204025,7.557729297428629,4.937716474320038,8.464656813120065,1.9146247553485858,0.3023091718971452,0.3990481069042317,0.2932398967402308,0.7729037828170345,73,170
337,203501,19.067106899216995,4.315187350875425,2.9102426319857515,1.204238330476863,0.20070638841281047,0.421483415666902,0.3141054978660484,0.8218926605504587,78,205
338,202389,11.831259904912837,9.070632593766508,0.8873444928684628,0.4929691627047016,1.183125990491284,0.5215613741415743,0.2188783082408875,0.7493131273111464,85,275
339,1627789,12.983097316204116,3.1237527377333207,2.3428145532999904,0.4880863652708313,0.19523454610833252,0.3660647739531235,0.327017864731457,0.7741049753195385,78,200
340,202699,19.787960636930077,5.808406356113803,2.461189133946527,0.8860280882207497,0.4922378267893054,0.4558122276068968,0.4095418718887021,0.8131768898559325,81,235
341,203107,11.588518256057231,4.937716474320038,6.4492623338057635,1.2092366875885807,0.3023091718971452,0.5280333535803471,0.4716023081595465,0.7870115441722346,79,210
342,2225,14.642801837945347,3.2767109007989585,6.860613448547818,1.0239721564996744,0.0,0.4710271919898503,0.2928560367589069,0.7198524260192711,74,185
343,203503,9.119126628664496,2.4317671009771993,1.722501696525516,0.8105890336590664,0.4052945168295332,0.4437974959283389,0.4134004071661238,0.8146419788273617,79,221
344,1628470,10.02925272879933,7.421647019311504,1.404095382031906,0.6017551637279598,0.702047691015953,0.4673631771620488,0.3159214609571789,0.6308399966414778,78,215
345,1626203,9.310240132669984,4.1598945273631855,1.9809021558872304,1.089496185737977,0.09904510779436154,0.42985576782752905,0.4080658441127695,0.6883634991708126,77,219
346,2772,12.4699756130153,4.688710830493753,1.6959166833700812,1.5961568784659586,0.1995196098082448,0.4130055923030667,0.37509686643950013,0.8519487338812053,80,215
347,202344,13.402003263973887,10.051502447980416,2.6397885216918264,0.9137729498164014,0.7107122943016455,0.5299883108935128,0.2903767373861009,0.7117275975792193,80,228
348,203504,22.579468696441175,3.3116554088113723,7.827549148099608,1.1038851362704576,0.20070638841281047,0.5198295459891791,0.3803386060422758,0.6382463151527372,73,191
349,1626168,18.85499513014274,9.126619983207387,2.3067281276238454,0.8023402183039464,0.9026327455919396,0.4914333837111671,0.3811116036943745,0.6990389151973132,82,234
350,202684,10.163277277277276,11.857156823490158,1.0960397063730398,0.5978398398398398,0.5978398398398398,0.5619694494494494,0.0,0.5510090523857191,81,238
351,203584,15.227352950729154,2.7157062587287673,1.0668846016434443,0.5819370554418787,0.09698950924031312,0.3928075124232681,0.3879580369612525,0.8486582058527397,76,205
352,1627786,15.655098296199215,7.426136371273987,1.9067106899216992,2.3081234667473196,0.5017659710320261,0.4696529488859765,0.2900207312565111,0.6693558053567229,79,218
353,1628463,12.571223481835055,8.710769026783348,1.880734221691859,0.5939160700079554,0.2969580350039777,0.4365283114558473,0.3563496420047733,0.8017866945107399,81,238
354,1628416,14.253985680190933,4.850314571731636,3.06856636170777,0.5939160700079554,0.1979720233359852,0.3622888027048528,0.3424916003712543,0.7018108227260673,77,183
355,203898,10.659498312564905,4.748321975597094,5.426653686396676,1.3566634215991693,0.5814271806853583,0.3982776187694704,0.23741609877985465,0.6783317107995847,75,194
356,204020,15.180664960764249,4.380997270556125,2.9546260661890136,1.018836574547936,0.6113019447287615,0.4421750733538042,0.37289418628454457,0.8344271545547595,76,190
357,1627755,11.347772581116633,2.7157062587287673,6.498297119100978,1.4548426386046966,0.09698950924031312,0.3724397154828024,0.26866094059566736,0.7943440806781643,70,160
358,203092,14.691926235070575,10.132362920738329,1.5198544381107495,0.5066181460369165,1.2158835504885994,0.552213779180239,0.3617253562703584,0.7234507125407167,84,250
359,201936,23.1560631326128,6.045166924000688,6.147627380339682,1.3319859324069308,0.4098418253559787,0.463121262652256,0.4088172207925888,0.8043145822611082,78,220
360,1627820,12.109050539016913,4.627035571819472,2.953426960735833,1.1813707842943328,0.5906853921471664,0.43415376322816734,0.2982961230343191,0.7737978637127881,77,198
361,2199,9.117013868589432,12.705625710481018,1.6488216570853234,0.4849475462015656,0.775916073922505,0.6275221247848258,0.0,0.5984252720127319,85,240
362,1626145,10.318205284552844,3.3382428861788616,5.664897018970188,2.326654132791328,0.2023177506775068,0.4673540040650407,0.3489981199186992,0.9063835230352304,74,184
363,203506,24.874930300557594,5.584168026655787,4.568864749082007,2.4367278661770704,0.8122426220590235,0.4812537535699714,0.3705856963144295,0.8203650482796138,76,210
364,1713,11.161296505846453,5.222257998148339,2.355135959949251,1.5359582347495118,1.0239721564996744,0.4106128347563695,0.35224642183588795,0.7526195350272606,78,220
365,201961,15.282548618219039,3.97346264073695,1.4263712043671102,0.9169529170931424,0.1018836574547936,0.4085534663937224,0.3953085909245992,0.8711052712384852,77,200
366,1627782,17.3158171212901,2.971353233830845,3.483655515525819,0.922144107050952,0.30738136901698404,0.441604566821067,0.4118910344827586,0.7643550042889002,77,230
367,1628411,7.842511552142549,5.062887204547722,1.9854459625677336,1.1912675775406405,0.3970891925135468,0.4070164223263854,0.1737265217246767,0.7326295601874938,79,195
368,202325,9.549413839712523,5.217720963966637,1.378265915010055,1.7720561764414997,1.5751610457257774,0.3987126396993374,0.3416130517917779,0.7334343619160649,79,215
369,202083,13.769797110359669,3.365950404754585,2.9579564162994836,1.3259804624790792,0.3059954913413259,0.4141138982819278,0.3886142740034839,0.8384276462752329,77,220
370,203115,16.849144584382874,5.516089000839632,4.513163727959698,1.1032178001679265,0.702047691015953,0.44931052225021,0.3650647993282956,0.8103636204869858,78,190
371,1626161,16.48595171964476,9.113352192847104,3.0719164694990235,1.433561019099544,1.2287665877996092,0.5068662174673388,0.2559930391249186,0.6328147927167987,84,240
372,1626195,17.828119402985074,12.578728689883912,2.4761276948590383,1.2875864013267,1.1885412935323385,0.5427671907131012,0.360524192371476,0.6239841791044777,83,240
373,201163,11.633933165407221,6.117844164567591,2.5073131821998325,0.702047691015953,0.6017551637279598,0.44529882115869024,0.3630589487825357,0.7702466095717885,81,225
374,1627812,13.565800116132117,4.0799398845510115,3.1619534105270346,1.0199849711377529,0.10199849711377533,0.4375735526180961,0.3824943641766574,0.818027946852478,72,180
375,1628380,10.468393838271481,7.750637745643308,1.8118373950854485,0.603945798361816,1.1072339636633295,0.4116897192166379,0.32311100212357163,0.6542746148919675,84,230
376,203897,21.846441872838522,5.163704442670924,3.872778332003192,1.290926110667731,0.1986040170258048,0.3803266926044161,0.3386198490289971,0.8073253292098962,77,185
377,2216,20.991429208243325,9.727735486746909,3.0719164694990235,1.0239721564996744,0.2047944312999349,0.484338830024346,0.35531833830538706,0.8038181428522445,81,250
378,2585,13.481760722347632,11.625576275067885,4.005450649393136,1.3677148558903391,0.5861635096672883,0.5509936990872509,0.0,0.7864360421369451,83,270
