ID,POS
1627773,C
1628700,G
1626151,G
1627846,F
1627967,C
203940,F
1628596,G
204064,F
101187,G
1626210,F-C
1628409,F
1627936,G
1628174,G
1627406,G
1627816,F
1628035,F
202087,G
1628629,F
1628578,C
1628518,F
1627958,F
203958,G
201281,G
1628607,C
1627882,G
1628510,F
1627790,F-C
203461,F
1626148,G
1627372,F
1628469,G
1628850,F
1628499,G
203462,G
1628012,G
204176,C
1627389,G
1628604,F
1628527,G
1627862,F
203463,G
1628500,F
1628656,G
1626165,F
1627649,G
201943,G
203464,G
1628658,G
1627891,F
1628636,G
1626993,G
1627362,G
1627744,F
1628460,G
203672,G
203998,F
1628576,G
1627904,G
1628714,G
204215,G
201957,C
203710,F-G
203927,F
203912,G
1628403,F-C
1628639,G
1628419,F
1626166,G
1627987,F
1627760,G
1626224,F
1628435,C
203989,F
1628429,G
1628641,G
1627778,C
1627997,F
1628449,F
1628727,C
1628553,G
1626191,F
1626217,F
202874,F
1626174,F
203921,F
1626146,F
1628610,G
1628674,F
1627430,G
203928,F
1628591,G
1628670,F
1626245,C-F
1628544,F
1628391,F
1628555,G
1628614,G
1626177,C
1627745,C
2863,G
1627814,G
1628682,G
1628632,C
1628422,G
1627000,F
1628520,F
1628679,G
1627772,G
1627849,F
1627863,F
1628525,G
202721,G
1626199,F
204065,G
204310,G
202722,C-F
1628432,G
203908,F
1627761,F-G
203199,F
1628113,G
1627743,G
203907,G
1628491,F
1628540,F
1627884,F
1628590,G
1628476,G
1628401,G
1628519,G
1628421,F
1628241,F
1628654,G
1627738,C-F
1627754,C
202080,G
202388,G
1628745,G
1628625,G
1626251,F
204190,G
1628677,G
1628605,G
1628407,F
202779,G
1628410,G
204002,C
202407,G
2731,C
203547,F
1628548,C
1628571,F
1628854,G
204083,F
1627788,G-F
1627780,G
1628437,G
1627777,F
1627834,C
1627896,F
204080,G
1628492,G
203922,G-F
1627836,C
203511,F
1627824,F
1627740,F
1628573,G
1628387,C
1628528,G
1628095,G
1628554,G
203477,G
1627766,G
1628392,C
1628439,F
1627819,G
1627785,G
1627908,F
1628397,F
1627826,C
1627938,F
1628857,G
1628052,F
1626266,F
1628580,F
203960,F
1628444,G
203913,G
204022,F
1626643,G
1628451,F
1628616,G
1627883,F
1627866,F
1628503,F
1628630,G
1628511,G
203949,F
203480,F
1627821,F
203923,G
203966,F
1628876,G
204067,F
1626185,F
1628417,F
1627784,F
1627299,G
204128,G
1628621,G
1628393,G
1628547,G
1628575,F
1628537,G
1628599,G
1628461,G
1626586,G
202379,F
1628526,F
1628456,G
202951,G
1628496,G
201966,G
1628557,F
1628135,G
1628754,C
201149,C
1627762,F
1628617,G
1628552,G
204066,G
204181,G
1628405,F
1626281,C
1627218,G
1626182,F
1628371,F
1628395,C-F
1627306,G
1626999,G
203542,C
1628535,G
1627289,G
1628638,F
1627982,G
1628237,G
1628404,G
203705,G
1628563,G
1627829,G
1627395,F
1628023,G
202933,G
202458,G
1628382,F
1628618,F
1628383,C
203909,G
1628443,G
1627292,F
1628768,F
1627226,F
1627770,G
1628672,G
1627867,G
1627316,F
1628729,G
1627660,C
203088,G
1628541,F
2570,C
1628452,C
1627589,G
1628565,G
203751,F
1628667,G
204103,G
1627290,F
203920,C
1628424,G
1628711,F
1628663,F
1626271,F
1627858,G
1628666,G
203684,G
1628671,F
1628433,G
1628615,G
1628176,F
203941,F
1628870,G
1628477,C
203580,G
202730,F
1628757,G
203520,F
1628506,G
203485,G
1626242,G
1628379,G
1628436,C
1628517,F
1628675,F
1627781,G
1628731,G
1626259,F
1628660,F
1628370,G
1628493,F
1628533,F
1627875,G
1627779,G
204136,G
1626194,G
201977,G
200766,G
201872,G
203900,G
203104,G
1628536,G
1627850,C
1628634,F
1627856,F
1628512,G
1628475,G
1628777,F
1628074,F
1628453,G
1628609,G
1628164,G
1628856,F
203195,C
1627771,G
1626261,C
1628697,G
1626180,G
1627396,F
203488,F-C
1056,G
1628454,F
203101,C
1628495,G
1628420,G
201203,G
1628539,G
1627988,F
1628704,G
203489,G
1628513,G
1628017,G
203910,G
1627852,G
1628502,F
1626295,C
1626152,G
204179,F
1627945,C
1628408,G
1627775,G
1628778,G
1627835,F
203103,F
1628514,G
1627813,C
1627999,G
1628756,G
1626188,G
1627899,F
1626154,G
204112,F
204192,F
1628577,F
1628843,G
203687,G
1627352,C
1628608,F
203495,G
1628246,G
203585,G-F
1628842,G
1628681,G
1628606,F
1627758,G
1627912,G
203964,F
1626220,F
1627853,G
1626280,F
1628871,G
203159,G
1628859,G
1628875,G
202197,F
1627932,G
200769,G
1626263,G
1627885,G
1627981,F
1627848,C
200761,F
1628123,C
1627919,F
1628569,C
1628414,G
1627746,F-C
1628647,C
1627916,G
202513,G
1627208,G
1628653,G
1627757,C
1628425,G
1628646,G
1628494,G
1628388,F
1628120,G
1628769,G
1628579,F
1628593,F
1628390,G
203093,F
1628516,G
1628874,F
1628418,C
1628549,F
1627817,G
1628689,F
1628396,C
203183,G
1628143,F
203100,G
1628680,G
1628470,F
1628753,G
1627897,F
204037,F
1628779,G
1628545,C
203504,G
1628069,G
1626722,G
1628505,G
1627786,F
1628735,G
1628463,F
1628416,G
1628523,F
1628399,F
1628542,F
1628613,G
1628126,G
1627820,G
204155,G
1628690,G
1628431,F
203505,G
1626205,F
1628665,F
1627735,G
1628131,G
1627215,G
1627782,G-F
1628411,F
1628230,G
1628568,F
1627900,F
202378,G
1628686,F
1626536,C
1628841,F
204098,G
1628504,G
202918,G
1628473,G
1628734,F
202876,F
1628860,G
1628848,G
203788,C
1626580,F
1627753,F-C
