PLAYER_ID,PLAYER_NAME,TEAM_ID,TEAM_ABBREVIATION,AGE,RA_FGM,RA_FGA,RA_FG_PCT,Paint_FGM,Paint_FGA,Paint_FG_PCT,Mid-Range_FGM,Mid-Range_FGA,Mid-Range_FG_PCT,Left_Corner_FGM,Left_Corner_FGA,Left_Corner_FG_PCT,Right_Corner_FGM,Right_Corner_FGA,Right_Corner_FG_PCT,Above_Break_FGM,Above_Break_FGA,Above_Break_FG_PCT,Backcourt_FGM,Backcourt_FGA,Backcourt_FG_PCT
1627773,AJ Hammons,1612709904,SXF,25.0,65,95,0.684,10.0,25.0,0.4,20.0,45.0,0.444,0.0,2.0,0.0,1.0,2.0,0.5,0.0,10.0,0.0,0.0,0.0,0.0
1628700,Aaron Best,1612709920,RAP,26.0,49,78,0.628,5.0,26.0,0.192,4.0,12.0,0.333,19.0,35.0,0.543,16.0,46.0,0.348,29.0,88.0,0.33,0.0,1.0,0.0
1626151,Aaron Harrison,1612709914,RNO,23.0,76,145,0.524,13.0,43.0,0.302,31.0,80.0,0.388,18.0,40.0,0.45,14.0,34.0,0.412,82.0,193.0,0.425,0.0,2.0,0.0
1627846,Abdel Nader,1612709915,MNE,24.0,17,32,0.531,0.0,6.0,0.0,2.0,7.0,0.286,1.0,5.0,0.2,0.0,2.0,0.0,8.0,15.0,0.533,0.0,0.0,0.0
1627967,Adam Woodbury,1612709919,WES,24.0,67,118,0.568,7.0,26.0,0.269,11.0,28.0,0.393,0.0,0.0,0.0,0.0,0.0,0.0,0.0,1.0,0.0,0.0,0.0,0.0
203940,Adreian Payne,1612709925,LAK,27.0,47,68,0.691,12.0,31.0,0.387,10.0,40.0,0.25,0.0,4.0,0.0,2.0,5.0,0.4,13.0,42.0,0.31,0.0,0.0,0.0
1628596,Akeem Springs,1612709903,SLC,24.0,10,18,0.556,4.0,13.0,0.308,9.0,19.0,0.474,7.0,23.0,0.304,4.0,14.0,0.286,28.0,80.0,0.35,0.0,1.0,0.0
204064,Akil Mitchell,1612709921,LIN,25.0,87,126,0.69,13.0,31.0,0.419,5.0,10.0,0.5,1.0,5.0,0.2,3.0,9.0,0.333,4.0,17.0,0.235,0.0,0.0,0.0
101187,Alan Anderson,1612709925,LAK,35.0,34,52,0.654,7.0,15.0,0.467,18.0,34.0,0.529,2.0,9.0,0.222,1.0,6.0,0.167,19.0,46.0,0.413,0.0,0.0,0.0
1626210,Alan Williams,1612709900,NAS,25.0,16,32,0.5,5.0,13.0,0.385,1.0,2.0,0.5,0.0,0.0,0.0,0.0,0.0,0.0,0.0,0.0,0.0,0.0,0.0,0.0
1628409,Alec Peters,1612709900,NAS,23.0,67,104,0.644,6.0,21.0,0.286,11.0,18.0,0.611,17.0,40.0,0.425,21.0,46.0,0.457,91.0,228.0,0.399,0.0,0.0,0.0
1627936,Alex Caruso,1612709905,SBL,24.0,109,169,0.645,27.0,56.0,0.482,9.0,41.0,0.22,2.0,5.0,0.4,3.0,8.0,0.375,38.0,97.0,0.392,0.0,1.0,0.0
1628174,Alex Hamilton,1612709923,WCB,24.0,122,211,0.578,19.0,68.0,0.279,13.0,45.0,0.289,2.0,7.0,0.286,4.0,6.0,0.667,16.0,50.0,0.32,0.0,2.0,0.0
1627406,Alex Marzette,1612709927,WIS,25.0,0,5,0.0,1.0,1.0,1.0,0.0,0.0,0.0,0.0,0.0,0.0,0.0,0.0,0.0,0.0,0.0,0.0,,,
1627816,Alex Poythress,1612709910,FWN,24.0,42,74,0.568,3.0,9.0,0.333,4.0,7.0,0.571,1.0,4.0,0.25,0.0,4.0,0.0,4.0,14.0,0.286,0.0,0.0,0.0
1628035,Alfonzo McKinnie,1612709920,RAP,25.0,97,166,0.584,22.0,55.0,0.4,17.0,48.0,0.354,13.0,36.0,0.361,13.0,38.0,0.342,28.0,79.0,0.354,0.0,0.0,0.0
202087,Alonzo Gee,1612709904,SXF,31.0,96,159,0.604,4.0,28.0,0.143,20.0,43.0,0.465,5.0,11.0,0.455,6.0,21.0,0.286,5.0,12.0,0.417,0.0,1.0,0.0
1628629,Alonzo Nelson-Ododa,1612709903,SLC,25.0,14,19,0.737,0.0,0.0,0.0,1.0,10.0,0.1,0.0,0.0,0.0,0.0,0.0,0.0,0.0,1.0,0.0,0.0,0.0,0.0
1628578,Amida Brimah,1612709890,AUS,24.0,96,139,0.691,13.0,27.0,0.481,17.0,42.0,0.405,0.0,0.0,0.0,0.0,0.0,0.0,0.0,0.0,0.0,0.0,0.0,0.0
1628518,Amile Jefferson,1612709911,IWA,25.0,284,397,0.715,33.0,83.0,0.398,18.0,52.0,0.346,0.0,2.0,0.0,0.0,1.0,0.0,1.0,3.0,0.333,0.0,0.0,0.0
1627958,Amjyot Singh,1612709889,OKL,26.0,6,12,0.5,0.0,2.0,0.0,1.0,7.0,0.143,3.0,10.0,0.3,4.0,9.0,0.444,11.0,47.0,0.234,0.0,0.0,0.0
203958,Andre Dawkins,1612709924,ACC,26.0,12,20,0.6,6.0,15.0,0.4,2.0,12.0,0.167,3.0,11.0,0.273,5.0,17.0,0.294,51.0,133.0,0.383,0.0,0.0,0.0
201281,Andre Ingram,1612709905,SBL,32.0,21,39,0.538,8.0,27.0,0.296,9.0,21.0,0.429,14.0,30.0,0.467,19.0,27.0,0.704,69.0,159.0,0.434,0.0,0.0,0.0
1628607,Andre Washington,1612709920,RAP,24.0,9,18,0.5,3.0,10.0,0.3,5.0,12.0,0.417,0.0,0.0,0.0,0.0,0.0,0.0,0.0,1.0,0.0,0.0,0.0,0.0
1627882,Andrew Andrews,1612709909,DEL,25.0,5,6,0.833,0.0,4.0,0.0,1.0,5.0,0.2,1.0,2.0,0.5,0.0,0.0,0.0,2.0,3.0,0.667,0.0,0.0,0.0
1628510,Andrew White III,1612709913,ERI,24.0,73,116,0.629,8.0,32.0,0.25,34.0,80.0,0.425,8.0,26.0,0.308,12.0,23.0,0.522,80.0,200.0,0.4,0.0,0.0,0.0
1627790,Ante Zizic,1612709893,CTN,21.0,85,124,0.685,23.0,56.0,0.411,6.0,18.0,0.333,0.0,0.0,0.0,0.0,0.0,0.0,0.0,0.0,0.0,0.0,1.0,0.0
203461,Anthony Bennett,1612709915,MNE,25.0,71,123,0.577,10.0,23.0,0.435,4.0,15.0,0.267,8.0,17.0,0.471,11.0,18.0,0.611,71.0,178.0,0.399,0.0,0.0,0.0
1626148,Anthony Brown,1612709911,IWA,25.0,80,131,0.611,29.0,94.0,0.309,111.0,225.0,0.493,12.0,22.0,0.545,5.0,7.0,0.714,82.0,216.0,0.38,0.0,0.0,0.0
1627372,Anthony Walker,1612709918,TEX,24.0,17,26,0.654,4.0,7.0,0.571,0.0,2.0,0.0,0.0,0.0,0.0,0.0,0.0,0.0,0.0,0.0,0.0,0.0,0.0,0.0
1628469,Antonio Blakeney,1612709923,WCB,21.0,135,216,0.625,47.0,122.0,0.385,80.0,173.0,0.462,16.0,36.0,0.444,4.0,7.0,0.571,70.0,212.0,0.33,0.0,0.0,0.0
1628850,Antonio Campbell,1612709925,LAK,23.0,25,40,0.625,8.0,13.0,0.615,0.0,4.0,0.0,0.0,1.0,0.0,0.0,0.0,0.0,15.0,40.0,0.375,0.0,0.0,0.0
1628499,Antonius Cleveland,1612709918,TEX,24.0,16,25,0.64,4.0,9.0,0.444,10.0,20.0,0.5,0.0,1.0,0.0,0.0,0.0,0.0,6.0,11.0,0.545,0.0,0.0,0.0
203462,Archie Goodwin,1612709900,NAS,23.0,194,319,0.608,5.0,31.0,0.161,6.0,10.0,0.6,3.0,9.0,0.333,4.0,10.0,0.4,16.0,53.0,0.302,0.0,0.0,0.0
1628012,Arthur Edwards,1612709893,CTN,25.0,34,63,0.54,8.0,19.0,0.421,8.0,24.0,0.333,5.0,20.0,0.25,3.0,13.0,0.231,26.0,69.0,0.377,0.0,0.0,0.0
204176,Asauhn Dixon-Tatum,1612709903,SLC,27.0,40,66,0.606,5.0,28.0,0.179,2.0,12.0,0.167,0.0,0.0,0.0,0.0,0.0,0.0,0.0,1.0,0.0,0.0,0.0,0.0
1627389,Askia Booker,1612709909,DEL,24.0,77,154,0.5,21.0,42.0,0.5,28.0,65.0,0.431,5.0,16.0,0.313,4.0,13.0,0.308,60.0,188.0,0.319,0.0,1.0,0.0
1628604,Austin Nichols,1612709926,MHU,23.0,132,199,0.663,15.0,54.0,0.278,15.0,45.0,0.333,2.0,6.0,0.333,1.0,2.0,0.5,15.0,37.0,0.405,0.0,0.0,0.0
1628527,Avry Holmes,1612709902,SCW,24.0,22,40,0.55,13.0,24.0,0.542,23.0,57.0,0.404,5.0,15.0,0.333,3.0,6.0,0.5,36.0,92.0,0.391,0.0,0.0,0.0
1627862,Beau Beech,1612709913,ERI,24.0,15,31,0.484,0.0,2.0,0.0,0.0,1.0,0.0,2.0,3.0,0.667,1.0,9.0,0.111,19.0,53.0,0.358,0.0,0.0,0.0
203463,Ben McLemore,1612709926,MHU,25.0,0,1,0.0,0.0,0.0,0.0,1.0,1.0,1.0,1.0,2.0,0.5,0.0,1.0,0.0,1.0,3.0,0.333,0.0,0.0,0.0
1628500,Ben Moore,1612709910,FWN,23.0,143,214,0.668,10.0,37.0,0.27,11.0,25.0,0.44,2.0,8.0,0.25,6.0,13.0,0.462,11.0,32.0,0.344,0.0,0.0,0.0
1628656,Billy Garrett,1612709919,WES,23.0,84,131,0.641,37.0,85.0,0.435,60.0,139.0,0.432,5.0,18.0,0.278,4.0,22.0,0.182,26.0,80.0,0.325,0.0,2.0,0.0
1626165,Brandon Ashley,1612709918,TEX,23.0,143,243,0.588,32.0,83.0,0.386,14.0,58.0,0.241,2.0,13.0,0.154,4.0,14.0,0.286,66.0,191.0,0.346,0.0,1.0,0.0
1627649,Brandon Austin,1612709914,RNO,24.0,28,49,0.571,6.0,23.0,0.261,10.0,24.0,0.417,1.0,6.0,0.167,0.0,2.0,0.0,5.0,20.0,0.25,0.0,0.0,0.0
201943,Brandon Jennings,1612709927,WIS,28.0,16,36,0.444,3.0,8.0,0.375,6.0,28.0,0.214,1.0,5.0,0.2,3.0,5.0,0.6,16.0,47.0,0.34,0.0,0.0,0.0
203464,Brandon Paul,1612709890,AUS,27.0,5,8,0.625,0.0,0.0,0.0,1.0,2.0,0.5,0.0,1.0,0.0,0.0,0.0,0.0,4.0,9.0,0.444,0.0,0.0,0.0
1628658,Brandon Wood,1612709923,WCB,29.0,59,104,0.567,26.0,65.0,0.4,53.0,120.0,0.442,13.0,23.0,0.565,5.0,12.0,0.417,29.0,90.0,0.322,0.0,0.0,0.0
1627891,Brannen Greene,1612709903,SLC,23.0,5,7,0.714,1.0,7.0,0.143,0.0,0.0,0.0,1.0,2.0,0.5,1.0,1.0,1.0,4.0,13.0,0.308,0.0,0.0,0.0
1628636,Brent Arrington,1612709922,GBO,25.0,2,2,1.0,0.0,1.0,0.0,2.0,4.0,0.5,0.0,0.0,0.0,0.0,0.0,0.0,1.0,2.0,0.5,0.0,0.0,0.0
1626993,Brian Williams,1612709927,WIS,25.0,35,57,0.614,1.0,14.0,0.071,13.0,40.0,0.325,2.0,12.0,0.167,0.0,7.0,0.0,0.0,5.0,0.0,0.0,0.0,0.0
1627362,Briante Weber,1612709904,SXF,25.0,110,180,0.611,33.0,54.0,0.611,5.0,22.0,0.227,1.0,3.0,0.333,1.0,3.0,0.333,28.0,82.0,0.341,0.0,2.0,0.0
1627744,Brice Johnson,1612709926,MHU,23.0,77,104,0.74,16.0,52.0,0.308,37.0,92.0,0.402,2.0,3.0,0.667,0.0,2.0,0.0,12.0,48.0,0.25,0.0,0.0,0.0
1628460,Bronson Koenig,1612709917,GRD,23.0,36,77,0.468,4.0,9.0,0.444,27.0,67.0,0.403,21.0,48.0,0.438,19.0,35.0,0.543,59.0,162.0,0.364,0.0,0.0,0.0
203672,Bruce Massey,1612709917,GRD,27.0,0,1,0.0,0.0,0.0,0.0,0.0,0.0,0.0,,,,0.0,0.0,0.0,0.0,0.0,0.0,0.0,0.0,0.0
203998,Bruno Caboclo,1612709914,RNO,22.0,67,119,0.563,21.0,51.0,0.412,10.0,40.0,0.25,8.0,33.0,0.242,10.0,32.0,0.313,67.0,183.0,0.366,0.0,0.0,0.0
1628576,Bryce Alford,1612709889,OKL,23.0,52,99,0.525,5.0,15.0,0.333,4.0,25.0,0.16,17.0,41.0,0.415,25.0,62.0,0.403,144.0,357.0,0.403,0.0,1.0,0.0
1627904,Bryson Fonville,1612709918,TEX,24.0,7,15,0.467,4.0,17.0,0.235,6.0,21.0,0.286,5.0,9.0,0.556,4.0,9.0,0.444,12.0,47.0,0.255,0.0,0.0,0.0
1628714,Buay Tuach,1612709919,WES,23.0,9,19,0.474,0.0,1.0,0.0,1.0,4.0,0.25,2.0,3.0,0.667,1.0,4.0,0.25,4.0,6.0,0.667,0.0,0.0,0.0
204215,Bubu Palo,1612709904,SXF,26.0,28,47,0.596,1.0,6.0,0.167,3.0,7.0,0.429,2.0,5.0,0.4,2.0,4.0,0.5,4.0,12.0,0.333,0.0,0.0,0.0
201957,Byron Mullens,1612709925,LAK,29.0,47,71,0.662,5.0,16.0,0.313,9.0,23.0,0.391,0.0,1.0,0.0,0.0,0.0,0.0,23.0,54.0,0.426,0.0,1.0,0.0
203710,C.J. Williams,1612709924,ACC,28.0,28,43,0.651,9.0,26.0,0.346,8.0,27.0,0.296,2.0,11.0,0.182,10.0,17.0,0.588,32.0,89.0,0.36,0.0,0.0,0.0
203927,CJ Fair,1612709923,WCB,26.0,91,157,0.58,23.0,62.0,0.371,27.0,66.0,0.409,10.0,27.0,0.37,6.0,11.0,0.545,11.0,65.0,0.169,0.0,0.0,0.0
203912,CJ Wilcox,1612709902,SCW,27.0,5,6,0.833,4.0,6.0,0.667,8.0,16.0,0.5,9.0,13.0,0.692,3.0,6.0,0.5,12.0,42.0,0.286,0.0,0.0,0.0
1628403,Caleb Swanigan,1612709893,CTN,21.0,44,72,0.611,16.0,34.0,0.471,9.0,22.0,0.409,0.0,1.0,0.0,0.0,1.0,0.0,8.0,24.0,0.333,0.0,0.0,0.0
1628639,Caleb White,1612709925,LAK,24.0,0,0,0.0,0.0,0.0,0.0,0.0,1.0,0.0,0.0,0.0,0.0,0.0,0.0,0.0,0.0,1.0,0.0,,,
1628419,Cameron Oliver,1612709909,DEL,21.0,106,151,0.702,14.0,45.0,0.311,25.0,67.0,0.373,0.0,4.0,0.0,0.0,2.0,0.0,30.0,83.0,0.361,0.0,0.0,0.0
1626166,Cameron Payne,1612709923,WCB,23.0,10,19,0.526,3.0,8.0,0.375,3.0,6.0,0.5,0.0,1.0,0.0,1.0,1.0,1.0,5.0,17.0,0.294,0.0,0.0,0.0
1627987,Carlos Lopez,1612709909,DEL,27.0,0,1,0.0,0.0,0.0,0.0,0.0,0.0,0.0,0.0,0.0,0.0,,,,0.0,0.0,0.0,,,
1627760,Cat Barber,1612709922,GBO,23.0,114,188,0.606,6.0,43.0,0.14,29.0,83.0,0.349,5.0,12.0,0.417,5.0,9.0,0.556,17.0,67.0,0.254,0.0,1.0,0.0
1626224,Cedi Osman,1612709893,CTN,23.0,1,2,0.5,2.0,5.0,0.4,2.0,6.0,0.333,0.0,0.0,0.0,0.0,2.0,0.0,2.0,8.0,0.25,0.0,0.0,0.0
1628435,Chance Comanche,1612709926,MHU,22.0,142,224,0.634,19.0,40.0,0.475,3.0,15.0,0.2,0.0,0.0,0.0,0.0,0.0,0.0,0.0,1.0,0.0,0.0,0.0,0.0
203989,Chane Behanan,1612709903,SLC,25.0,21,34,0.618,2.0,7.0,0.286,3.0,10.0,0.3,0.0,0.0,0.0,0.0,0.0,0.0,1.0,2.0,0.5,0.0,0.0,0.0
1628429,Charles Cooke,1612709903,SLC,23.0,65,92,0.707,15.0,36.0,0.417,15.0,45.0,0.333,5.0,11.0,0.455,2.0,13.0,0.154,18.0,65.0,0.277,0.0,1.0,0.0
1628641,Charlie Marquardt,1612709921,LIN,23.0,1,2,0.5,0.0,0.0,0.0,0.0,3.0,0.0,0.0,3.0,0.0,0.0,0.0,0.0,2.0,7.0,0.286,0.0,0.0,0.0
1627778,Chinanu Onuaku,1612709908,RGV,21.0,173,256,0.676,7.0,28.0,0.25,3.0,18.0,0.167,0.0,0.0,0.0,0.0,0.0,0.0,0.0,4.0,0.0,0.0,0.0,0.0
1627997,Chris Anderson,1612709917,GRD,25.0,11,21,0.524,0.0,2.0,0.0,0.0,2.0,0.0,0.0,0.0,0.0,0.0,0.0,0.0,0.0,0.0,0.0,0.0,0.0,0.0
1628449,Chris Boucher,1612709902,SCW,25.0,69,102,0.676,6.0,22.0,0.273,5.0,21.0,0.238,0.0,2.0,0.0,1.0,5.0,0.2,10.0,42.0,0.238,0.0,0.0,0.0
1628727,Chris Braswell,1612709913,ERI,28.0,1,1,1.0,0.0,0.0,0.0,0.0,0.0,0.0,0.0,0.0,0.0,0.0,0.0,0.0,0.0,2.0,0.0,0.0,0.0,0.0
1628553,Chris Flemmings,1612709920,RAP,24.0,0,0,0.0,0.0,0.0,0.0,0.0,0.0,0.0,0.0,0.0,0.0,0.0,0.0,0.0,1.0,2.0,0.5,0.0,0.0,0.0
1626191,Chris McCullough,1612709913,ERI,23.0,29,50,0.58,7.0,16.0,0.438,2.0,19.0,0.105,0.0,2.0,0.0,0.0,0.0,0.0,7.0,24.0,0.292,0.0,0.0,0.0
1626217,Chris Walker,1612709908,RGV,23.0,177,262,0.676,16.0,40.0,0.4,0.0,5.0,0.0,0.0,0.0,0.0,0.0,0.0,0.0,1.0,9.0,0.111,0.0,0.0,0.0
202874,Chris Wright,1612709889,OKL,29.0,68,106,0.642,2.0,5.0,0.4,0.0,7.0,0.0,1.0,3.0,0.333,1.0,4.0,0.25,7.0,20.0,0.35,0.0,0.0,0.0
1626174,Christian Wood,1612709909,DEL,22.0,236,334,0.707,38.0,84.0,0.452,44.0,100.0,0.44,2.0,11.0,0.182,6.0,12.0,0.5,44.0,139.0,0.317,0.0,1.0,0.0
203921,Cleanthony Early,1612709908,RGV,27.0,94,126,0.746,5.0,29.0,0.172,28.0,57.0,0.491,5.0,15.0,0.333,2.0,10.0,0.2,30.0,91.0,0.33,0.0,0.0,0.0
1626146,Cliff Alexander,1612709927,WIS,22.0,127,175,0.726,21.0,62.0,0.339,26.0,61.0,0.426,1.0,1.0,1.0,0.0,1.0,0.0,3.0,13.0,0.231,0.0,0.0,0.0
1628610,Cody Demps,1612709914,RNO,24.0,70,118,0.593,13.0,28.0,0.464,6.0,16.0,0.375,4.0,24.0,0.167,9.0,21.0,0.429,18.0,43.0,0.419,0.0,0.0,0.0
1628674,Cole Huff,1612709922,GBO,24.0,7,10,0.7,1.0,4.0,0.25,12.0,21.0,0.571,4.0,5.0,0.8,6.0,11.0,0.545,19.0,75.0,0.253,0.0,1.0,0.0
1627430,Coron Williams,1612709922,GBO,28.0,1,2,0.5,2.0,3.0,0.667,3.0,5.0,0.6,2.0,6.0,0.333,0.0,1.0,0.0,4.0,16.0,0.25,0.0,0.0,0.0
203928,Cory Jefferson,1612709918,TEX,27.0,24,33,0.727,4.0,12.0,0.333,8.0,21.0,0.381,0.0,0.0,0.0,0.0,0.0,0.0,13.0,32.0,0.406,0.0,0.0,0.0
1628591,Craig Sword,1612709913,ERI,24.0,105,175,0.6,6.0,26.0,0.231,2.0,10.0,0.2,2.0,8.0,0.25,2.0,7.0,0.286,20.0,65.0,0.308,0.0,0.0,0.0
1628670,Craig Victor,1612709908,RGV,23.0,8,23,0.348,1.0,1.0,1.0,1.0,5.0,0.2,2.0,5.0,0.4,2.0,4.0,0.5,7.0,22.0,0.318,0.0,0.0,0.0
1626245,Cristiano Felicio,1612709923,WCB,25.0,50,74,0.676,3.0,11.0,0.273,7.0,15.0,0.467,0.0,0.0,0.0,0.0,1.0,0.0,0.0,1.0,0.0,0.0,0.0,0.0
1628544,Cullen Russo,1612709889,OKL,24.0,0,0,0.0,0.0,0.0,0.0,0.0,0.0,0.0,,,,,,,0.0,1.0,0.0,,,
1628391,D.J. Wilson,1612709927,WIS,22.0,28,40,0.7,8.0,13.0,0.615,19.0,49.0,0.388,1.0,2.0,0.5,2.0,7.0,0.286,15.0,41.0,0.366,0.0,0.0,0.0
1628555,Daesung Lee,1612709913,ERI,28.0,2,5,0.4,0.0,0.0,0.0,2.0,2.0,1.0,1.0,1.0,1.0,1.0,1.0,1.0,3.0,15.0,0.2,0.0,0.0,0.0
1628614,Dakarai Allen,1612709924,ACC,23.0,64,109,0.587,8.0,31.0,0.258,12.0,34.0,0.353,15.0,26.0,0.577,9.0,29.0,0.31,5.0,19.0,0.263,0.0,0.0,0.0
1626177,Dakari Johnson,1612709889,OKL,22.0,82,127,0.646,8.0,22.0,0.364,4.0,12.0,0.333,0.0,0.0,0.0,0.0,0.0,0.0,0.0,0.0,0.0,0.0,0.0,0.0
1627745,Damian Jones,1612709902,SCW,22.0,224,282,0.794,26.0,58.0,0.448,26.0,64.0,0.406,0.0,0.0,0.0,0.0,0.0,0.0,2.0,3.0,0.667,0.0,1.0,0.0
2863,Damien Wilkins,1612709922,GBO,38.0,29,46,0.63,19.0,40.0,0.475,33.0,70.0,0.471,8.0,16.0,0.5,5.0,14.0,0.357,18.0,43.0,0.419,0.0,0.0,0.0
1627814,Damion Lee,1612709902,SCW,25.0,86,136,0.632,40.0,70.0,0.571,23.0,66.0,0.348,6.0,20.0,0.3,5.0,17.0,0.294,39.0,123.0,0.317,0.0,2.0,0.0
1628682,Damon Lynn,1612709918,TEX,23.0,3,6,0.5,0.0,1.0,0.0,2.0,5.0,0.4,2.0,3.0,0.667,1.0,2.0,0.5,19.0,46.0,0.413,0.0,1.0,0.0
1628632,Damonte Dodd,1612709915,MNE,24.0,1,4,0.25,0.0,0.0,0.0,0.0,1.0,0.0,0.0,0.0,0.0,0.0,0.0,0.0,0.0,0.0,0.0,0.0,0.0,0.0
1628422,Damyean Dotson,1612709919,WES,24.0,27,39,0.692,8.0,17.0,0.471,27.0,56.0,0.482,3.0,11.0,0.273,3.0,5.0,0.6,24.0,61.0,0.393,0.0,0.0,0.0
1627000,Daniel Alexander,1612709890,AUS,26.0,17,21,0.81,3.0,5.0,0.6,8.0,14.0,0.571,0.0,1.0,0.0,1.0,3.0,0.333,7.0,23.0,0.304,0.0,0.0,0.0
1628520,Daniel Dingle,1612709915,MNE,24.0,14,30,0.467,3.0,13.0,0.231,2.0,7.0,0.286,2.0,6.0,0.333,1.0,1.0,1.0,8.0,32.0,0.25,0.0,0.0,0.0
1628679,Daniel Dixon,1612709915,MNE,24.0,78,147,0.531,5.0,23.0,0.217,9.0,35.0,0.257,25.0,62.0,0.403,17.0,45.0,0.378,71.0,214.0,0.332,0.0,1.0,0.0
1627772,Daniel Hamilton,1612709889,OKL,22.0,124,209,0.593,40.0,103.0,0.388,10.0,41.0,0.244,9.0,26.0,0.346,7.0,23.0,0.304,56.0,203.0,0.276,0.0,0.0,0.0
1627849,Daniel Ochefu,1612709914,RNO,24.0,83,121,0.686,17.0,40.0,0.425,6.0,12.0,0.5,0.0,0.0,0.0,0.0,1.0,0.0,0.0,2.0,0.0,0.0,1.0,0.0
1627863,Danuel House,1612709900,NAS,24.0,87,151,0.576,9.0,22.0,0.409,12.0,19.0,0.632,14.0,31.0,0.452,12.0,36.0,0.333,71.0,184.0,0.386,1.0,2.0,0.5
1628525,Darin Johnson,1612709909,DEL,23.0,66,133,0.496,10.0,25.0,0.4,6.0,24.0,0.25,5.0,11.0,0.455,4.0,12.0,0.333,8.0,32.0,0.25,0.0,1.0,0.0
202721,Darius Morris,1612709908,RGV,27.0,9,16,0.563,2.0,6.0,0.333,4.0,5.0,0.8,2.0,3.0,0.667,1.0,1.0,1.0,3.0,8.0,0.375,0.0,0.0,0.0
1626199,Darrun Hilliard,1612709890,AUS,25.0,109,194,0.562,18.0,42.0,0.429,54.0,115.0,0.47,9.0,19.0,0.474,11.0,25.0,0.44,60.0,154.0,0.39,0.0,2.0,0.0
204065,David Stockton,1612709914,RNO,26.0,99,184,0.538,18.0,53.0,0.34,32.0,74.0,0.432,5.0,12.0,0.417,4.0,14.0,0.286,67.0,162.0,0.414,0.0,0.0,0.0
204310,Davion Berry,1612709920,RAP,26.0,68,106,0.642,20.0,46.0,0.435,20.0,50.0,0.4,19.0,48.0,0.396,4.0,25.0,0.16,45.0,128.0,0.352,0.0,0.0,0.0
202722,Davis Bertans,1612709890,AUS,25.0,2,3,0.667,1.0,1.0,1.0,0.0,1.0,0.0,1.0,2.0,0.5,0.0,0.0,0.0,5.0,9.0,0.556,0.0,0.0,0.0
1628432,Davon Reed,1612709900,NAS,22.0,12,39,0.308,1.0,8.0,0.125,8.0,16.0,0.5,1.0,5.0,0.2,3.0,6.0,0.5,12.0,44.0,0.273,0.0,1.0,0.0
203908,DeAndre Daniels,1612709924,ACC,26.0,49,93,0.527,5.0,21.0,0.238,1.0,10.0,0.1,1.0,12.0,0.083,7.0,14.0,0.5,16.0,74.0,0.216,0.0,0.0,0.0
1627761,DeAndre' Bembry,1612709913,ERI,23.0,16,26,0.615,0.0,3.0,0.0,3.0,6.0,0.5,0.0,1.0,0.0,0.0,0.0,0.0,0.0,3.0,0.0,,,
203199,DeQuan Jones,1612709910,FWN,27.0,138,208,0.663,37.0,94.0,0.394,65.0,143.0,0.455,9.0,23.0,0.391,9.0,19.0,0.474,63.0,144.0,0.438,0.0,0.0,0.0
1628113,Demarcus Holland,1612709905,SBL,24.0,102,185,0.551,18.0,41.0,0.439,17.0,35.0,0.486,8.0,22.0,0.364,6.0,19.0,0.316,18.0,57.0,0.316,0.0,0.0,0.0
1627743,Demetrius Jackson,1612709909,DEL,23.0,81,145,0.559,12.0,25.0,0.48,9.0,25.0,0.36,8.0,16.0,0.5,7.0,17.0,0.412,20.0,67.0,0.299,0.0,1.0,0.0
203907,Deonte Burton,1612709903,SLC,26.0,46,84,0.548,16.0,38.0,0.421,12.0,39.0,0.308,0.0,4.0,0.0,0.0,1.0,0.0,18.0,58.0,0.31,0.0,1.0,0.0
1628491,Derek Willis,1612709917,GRD,22.0,85,135,0.63,7.0,20.0,0.35,28.0,62.0,0.452,10.0,24.0,0.417,12.0,23.0,0.522,54.0,156.0,0.346,0.0,0.0,0.0
1628540,Derick Newton,1612709923,WCB,22.0,1,8,0.125,0.0,5.0,0.0,1.0,9.0,0.111,4.0,13.0,0.308,2.0,7.0,0.286,9.0,38.0,0.237,0.0,0.0,0.0
1627884,Derrick Jones Jr.,1612709904,SXF,21.0,112,169,0.663,11.0,33.0,0.333,15.0,32.0,0.469,9.0,17.0,0.529,6.0,17.0,0.353,31.0,102.0,0.304,0.0,0.0,0.0
1628590,Derrick Marks,1612709913,ERI,24.0,21,43,0.488,6.0,31.0,0.194,11.0,26.0,0.423,1.0,5.0,0.2,3.0,10.0,0.3,7.0,27.0,0.259,0.0,0.0,0.0
1628476,Derrick Walton Jr.,1612709904,SXF,23.0,57,93,0.613,8.0,21.0,0.381,26.0,70.0,0.371,5.0,13.0,0.385,5.0,14.0,0.357,46.0,122.0,0.377,0.0,0.0,0.0
1628401,Derrick White,1612709890,AUS,23.0,86,138,0.623,12.0,31.0,0.387,27.0,68.0,0.397,4.0,7.0,0.571,3.0,10.0,0.3,41.0,128.0,0.32,0.0,0.0,0.0
1628519,Devin Carter,1612709911,IWA,24.0,0,0,0.0,0.0,0.0,0.0,0.0,1.0,0.0,,,,,,,0.0,0.0,0.0,,,
1628421,Devin Robinson,1612709919,WES,23.0,100,145,0.69,17.0,41.0,0.415,31.0,72.0,0.431,12.0,25.0,0.48,10.0,22.0,0.455,37.0,108.0,0.343,0.0,0.0,0.0
1628241,Devin Williams,1612709915,MNE,24.0,152,251,0.606,37.0,82.0,0.451,17.0,47.0,0.362,1.0,7.0,0.143,3.0,9.0,0.333,5.0,15.0,0.333,0.0,0.0,0.0
1628654,Devon Baulkman,1612709919,WES,26.0,26,64,0.406,3.0,11.0,0.273,10.0,31.0,0.323,6.0,13.0,0.462,7.0,13.0,0.538,9.0,31.0,0.29,0.0,2.0,0.0
1627738,Deyonta Davis,1612709926,MHU,21.0,9,12,0.75,3.0,8.0,0.375,3.0,7.0,0.429,0.0,0.0,0.0,0.0,0.0,0.0,0.0,0.0,0.0,0.0,0.0,0.0
1627754,Diamond Stone,1612709903,SLC,21.0,121,206,0.587,13.0,42.0,0.31,39.0,97.0,0.402,0.0,3.0,0.0,1.0,2.0,0.5,10.0,38.0,0.263,0.0,1.0,0.0
202080,Dominic James,1612709922,GBO,31.0,7,14,0.5,0.0,2.0,0.0,5.0,8.0,0.625,0.0,0.0,0.0,0.0,0.0,0.0,0.0,5.0,0.0,0.0,1.0,0.0
202388,Donald Sloan,1612709918,TEX,30.0,58,106,0.547,14.0,39.0,0.359,25.0,57.0,0.439,9.0,17.0,0.529,2.0,4.0,0.5,48.0,140.0,0.343,0.0,0.0,0.0
1628745,Donte McGill,1612709909,DEL,23.0,2,9,0.222,1.0,4.0,0.25,1.0,8.0,0.125,0.0,1.0,0.0,0.0,0.0,0.0,0.0,2.0,0.0,0.0,1.0,0.0
1628625,Drew Barham,1612709915,MNE,28.0,29,41,0.707,3.0,6.0,0.5,3.0,12.0,0.25,10.0,30.0,0.333,9.0,19.0,0.474,15.0,55.0,0.273,0.0,0.0,0.0
1626251,Duje Dukan,1612709910,FWN,26.0,3,12,0.25,1.0,2.0,0.5,4.0,9.0,0.444,2.0,3.0,0.667,2.0,7.0,0.286,12.0,36.0,0.333,0.0,0.0,0.0
204190,Duke Mondy,1612709918,TEX,27.0,11,21,0.524,5.0,14.0,0.357,7.0,22.0,0.318,1.0,2.0,0.5,3.0,5.0,0.6,8.0,21.0,0.381,0.0,0.0,0.0
1628677,Durand Scott,1612709926,MHU,28.0,78,115,0.678,19.0,48.0,0.396,18.0,45.0,0.4,8.0,13.0,0.615,1.0,4.0,0.25,20.0,62.0,0.323,0.0,1.0,0.0
1628605,Dusty Hannahs,1612709926,MHU,24.0,44,96,0.458,19.0,52.0,0.365,8.0,29.0,0.276,9.0,19.0,0.474,8.0,17.0,0.471,61.0,139.0,0.439,1.0,2.0,0.5
1628407,Dwayne Bacon,1612709922,GBO,22.0,11,25,0.44,9.0,23.0,0.391,15.0,31.0,0.484,0.0,0.0,0.0,2.0,5.0,0.4,7.0,20.0,0.35,0.0,0.0,0.0
202779,Dwight Buycks,1612709917,GRD,29.0,37,68,0.544,8.0,17.0,0.471,18.0,49.0,0.367,1.0,3.0,0.333,0.0,1.0,0.0,19.0,52.0,0.365,0.0,0.0,0.0
1628410,Edmond Sumner,1612709910,FWN,22.0,21,41,0.512,4.0,10.0,0.4,6.0,18.0,0.333,1.0,1.0,1.0,0.0,1.0,0.0,4.0,20.0,0.2,0.0,0.0,0.0
204002,Edy Tavares,1612709920,RAP,26.0,5,6,0.833,0.0,0.0,0.0,1.0,2.0,0.5,0.0,0.0,0.0,0.0,0.0,0.0,0.0,0.0,0.0,,,
202407,Elijah Millsap,1612709911,IWA,30.0,92,182,0.505,15.0,55.0,0.273,24.0,83.0,0.289,7.0,17.0,0.412,11.0,21.0,0.524,59.0,167.0,0.353,0.0,0.0,0.0
2731,Emeka Okafor,1612709909,DEL,35.0,63,84,0.75,7.0,22.0,0.318,4.0,16.0,0.25,0.0,0.0,0.0,0.0,0.0,0.0,0.0,0.0,0.0,0.0,0.0,0.0
203547,Eric Griffin,1612709903,SLC,28.0,64,89,0.719,9.0,30.0,0.3,4.0,23.0,0.174,4.0,8.0,0.5,0.0,4.0,0.0,27.0,77.0,0.351,0.0,0.0,0.0
1628548,Eric Stuteville,1612709900,NAS,23.0,64,109,0.587,13.0,37.0,0.351,3.0,8.0,0.375,0.0,0.0,0.0,0.0,0.0,0.0,0.0,0.0,0.0,0.0,0.0,0.0
1628571,Erik McCree,1612709903,SLC,24.0,97,182,0.533,22.0,76.0,0.289,31.0,76.0,0.408,13.0,25.0,0.52,5.0,16.0,0.313,53.0,144.0,0.368,0.0,0.0,0.0
1628854,Eron Harris,1612709927,WIS,24.0,0,4,0.0,0.0,2.0,0.0,0.0,2.0,0.0,2.0,2.0,1.0,0.0,1.0,0.0,4.0,7.0,0.571,0.0,0.0,0.0
204083,Fuquan Edwin,1612709920,RAP,26.0,42,72,0.583,11.0,25.0,0.44,17.0,40.0,0.425,19.0,43.0,0.442,8.0,22.0,0.364,30.0,85.0,0.353,0.0,3.0,0.0
1627788,Furkan Korkmaz,1612709909,DEL,20.0,14,24,0.583,8.0,13.0,0.615,13.0,30.0,0.433,0.0,2.0,0.0,4.0,6.0,0.667,10.0,64.0,0.156,0.0,0.0,0.0
1627780,Gary Payton II,1612709905,SBL,25.0,93,144,0.646,16.0,42.0,0.381,11.0,32.0,0.344,2.0,5.0,0.4,2.0,8.0,0.25,15.0,65.0,0.231,0.0,0.0,0.0
1628437,George de Paula,1612709908,RGV,22.0,1,3,0.333,0.0,0.0,0.0,0.0,0.0,0.0,1.0,1.0,1.0,0.0,1.0,0.0,2.0,2.0,1.0,0.0,0.0,0.0
1627777,Georges Niang,1612709903,SLC,24.0,144,204,0.706,65.0,109.0,0.596,23.0,55.0,0.418,17.0,33.0,0.515,9.0,19.0,0.474,64.0,144.0,0.444,0.0,0.0,0.0
1627834,Georgios Papagiannis,1612709914,RNO,20.0,34,51,0.667,21.0,44.0,0.477,5.0,19.0,0.263,0.0,0.0,0.0,0.0,0.0,0.0,0.0,1.0,0.0,0.0,0.0,0.0
1627896,Gerald Beverly,1612709893,CTN,24.0,98,154,0.636,8.0,20.0,0.4,12.0,34.0,0.353,0.0,1.0,0.0,1.0,1.0,1.0,1.0,5.0,0.2,0.0,0.0,0.0
204080,Geron Johnson,1612709904,SXF,25.0,6,8,0.75,0.0,1.0,0.0,0.0,0.0,0.0,0.0,0.0,0.0,0.0,0.0,0.0,0.0,0.0,0.0,0.0,0.0,0.0
1628492,Gian Clavell,1612709918,TEX,24.0,2,3,0.667,1.0,2.0,0.5,2.0,4.0,0.5,1.0,1.0,1.0,2.0,3.0,0.667,3.0,9.0,0.333,,,
203922,Glenn Robinson III,1612709910,FWN,24.0,2,4,0.5,2.0,4.0,0.5,3.0,12.0,0.25,0.0,0.0,0.0,1.0,2.0,0.5,0.0,4.0,0.0,0.0,0.0,0.0
1627836,Gracin Bakumanya,1612709927,WIS,20.0,8,13,0.615,2.0,5.0,0.4,0.0,1.0,0.0,0.0,0.0,0.0,0.0,0.0,0.0,0.0,0.0,0.0,0.0,0.0,0.0
203511,Grant Jerrett,1612709893,CTN,24.0,47,65,0.723,7.0,25.0,0.28,17.0,44.0,0.386,1.0,2.0,0.5,2.0,4.0,0.5,29.0,77.0,0.377,0.0,0.0,0.0
1627824,Guerschon Yabusele,1612709915,MNE,22.0,62,88,0.705,2.0,12.0,0.167,6.0,21.0,0.286,5.0,8.0,0.625,3.0,6.0,0.5,24.0,73.0,0.329,0.0,1.0,0.0
1627740,Henry Ellenson,1612709917,GRD,21.0,6,11,0.545,1.0,3.0,0.333,2.0,6.0,0.333,0.0,1.0,0.0,2.0,3.0,0.667,5.0,14.0,0.357,0.0,0.0,0.0
1628573,Ian Baker,1612709905,SBL,25.0,2,6,0.333,0.0,4.0,0.0,1.0,3.0,0.333,0.0,0.0,0.0,0.0,0.0,0.0,4.0,10.0,0.4,0.0,0.0,0.0
1628387,Ike Anigbogu,1612709910,FWN,19.0,50,78,0.641,11.0,26.0,0.423,12.0,36.0,0.333,0.0,0.0,0.0,0.0,0.0,0.0,0.0,2.0,0.0,0.0,0.0,0.0
1628528,Ike Iroegbu,1612709924,ACC,23.0,116,232,0.5,28.0,74.0,0.378,38.0,96.0,0.396,3.0,8.0,0.375,4.0,9.0,0.444,22.0,90.0,0.244,0.0,1.0,0.0
1628095,Ike Nwamu,1612709904,SXF,24.0,68,100,0.68,8.0,26.0,0.308,16.0,39.0,0.41,26.0,61.0,0.426,10.0,31.0,0.323,108.0,299.0,0.361,0.0,0.0,0.0
1628554,Isaac Hamilton,1612709893,CTN,24.0,30,50,0.6,16.0,42.0,0.381,32.0,70.0,0.457,10.0,31.0,0.323,10.0,24.0,0.417,21.0,69.0,0.304,0.0,0.0,0.0
203477,Isaiah Canaan,1612709900,NAS,27.0,3,4,0.75,0.0,0.0,0.0,0.0,1.0,0.0,0.0,0.0,0.0,1.0,1.0,1.0,2.0,3.0,0.667,0.0,0.0,0.0
1627766,Isaiah Cousins,1612709903,SLC,24.0,61,118,0.517,25.0,64.0,0.391,39.0,100.0,0.39,6.0,11.0,0.545,5.0,8.0,0.625,50.0,129.0,0.388,0.0,4.0,0.0
1628392,Isaiah Hartenstein,1612709908,RGV,20.0,118,192,0.615,4.0,12.0,0.333,2.0,2.0,1.0,1.0,7.0,0.143,2.0,2.0,1.0,9.0,26.0,0.346,0.0,0.0,0.0
1628439,Isaiah Hicks,1612709919,WES,23.0,167,259,0.645,22.0,50.0,0.44,34.0,75.0,0.453,0.0,0.0,0.0,0.0,2.0,0.0,3.0,7.0,0.429,0.0,0.0,0.0
1627819,Isaiah Taylor,1612709913,ERI,23.0,24,43,0.558,3.0,10.0,0.3,2.0,5.0,0.4,0.0,0.0,0.0,1.0,2.0,0.5,3.0,7.0,0.429,0.0,0.0,0.0
1627785,Isaiah Whitehead,1612709921,LIN,23.0,132,255,0.518,22.0,60.0,0.367,28.0,56.0,0.5,6.0,8.0,0.75,3.0,14.0,0.214,53.0,148.0,0.358,0.0,2.0,0.0
1627908,Ishmael Hollis,1612709904,SXF,26.0,1,1,1.0,0.0,0.0,0.0,0.0,1.0,0.0,0.0,2.0,0.0,0.0,1.0,0.0,2.0,5.0,0.4,,,
1628397,Ivan Rabb,1612709926,MHU,21.0,68,100,0.68,12.0,28.0,0.429,24.0,55.0,0.436,0.0,0.0,0.0,0.0,0.0,0.0,5.0,10.0,0.5,0.0,0.0,0.0
1627826,Ivica Zubac,1612709905,SBL,21.0,92,138,0.667,25.0,40.0,0.625,15.0,35.0,0.429,0.0,0.0,0.0,0.0,0.0,0.0,1.0,6.0,0.167,0.0,0.0,0.0
1627938,J.J. Avila,1612709918,TEX,26.0,70,104,0.673,8.0,29.0,0.276,12.0,32.0,0.375,0.0,5.0,0.0,4.0,10.0,0.4,29.0,96.0,0.302,0.0,1.0,0.0
1628857,J.J. Frazier,1612709926,MHU,22.0,17,29,0.586,5.0,14.0,0.357,13.0,34.0,0.382,1.0,2.0,0.5,1.0,3.0,0.333,14.0,42.0,0.333,0.0,2.0,0.0
1628052,JJ Moore,1612709921,LIN,27.0,72,125,0.576,5.0,18.0,0.278,5.0,23.0,0.217,5.0,18.0,0.278,10.0,26.0,0.385,18.0,72.0,0.25,0.0,1.0,0.0
1626266,JJ O'Brien,1612709924,ACC,26.0,95,145,0.655,59.0,134.0,0.44,30.0,64.0,0.469,13.0,22.0,0.591,4.0,17.0,0.235,30.0,95.0,0.316,0.0,0.0,0.0
1628580,JaCorey Williams,1612709893,CTN,23.0,245,377,0.65,64.0,172.0,0.372,10.0,28.0,0.357,0.0,2.0,0.0,0.0,0.0,0.0,4.0,11.0,0.364,0.0,2.0,0.0
203960,JaKarr Sampson,1612709914,RNO,25.0,145,226,0.642,36.0,85.0,0.424,59.0,142.0,0.415,3.0,9.0,0.333,3.0,8.0,0.375,7.0,26.0,0.269,0.0,0.0,0.0
1628444,Jabari Bird,1612709915,MNE,23.0,92,124,0.742,17.0,33.0,0.515,8.0,25.0,0.32,12.0,22.0,0.545,4.0,17.0,0.235,22.0,78.0,0.282,0.0,0.0,0.0
203913,Jabari Brown,1612709902,SCW,25.0,17,25,0.68,1.0,5.0,0.2,12.0,25.0,0.48,4.0,10.0,0.4,5.0,8.0,0.625,14.0,48.0,0.292,0.0,0.0,0.0
204022,Jack Cooley,1612709914,RNO,27.0,211,343,0.615,52.0,107.0,0.486,10.0,34.0,0.294,0.0,0.0,0.0,0.0,0.0,0.0,1.0,3.0,0.333,0.0,1.0,0.0
1626643,Jacob Pullen,1612709909,DEL,28.0,29,57,0.509,2.0,10.0,0.2,19.0,36.0,0.528,2.0,4.0,0.5,2.0,8.0,0.25,25.0,82.0,0.305,0.0,0.0,0.0
1628451,Jacob Wiley,1612709921,LIN,23.0,31,56,0.554,4.0,11.0,0.364,3.0,6.0,0.5,4.0,8.0,0.5,3.0,12.0,0.25,6.0,15.0,0.4,0.0,0.0,0.0
1628616,Jalen Bradley,1612709904,SXF,24.0,18,26,0.692,7.0,23.0,0.304,11.0,20.0,0.55,4.0,10.0,0.4,2.0,6.0,0.333,10.0,29.0,0.345,0.0,1.0,0.0
1627883,Jalen Jones,1612709918,TEX,25.0,140,228,0.614,19.0,58.0,0.328,12.0,23.0,0.522,7.0,20.0,0.35,5.0,19.0,0.263,28.0,105.0,0.267,0.0,1.0,0.0
1627866,Jameel Warney,1612709918,TEX,24.0,200,321,0.623,109.0,211.0,0.517,33.0,80.0,0.413,0.0,1.0,0.0,1.0,2.0,0.5,21.0,74.0,0.284,0.0,0.0,0.0
1628503,Jamel Artis,1612709925,LAK,25.0,108,165,0.655,54.0,104.0,0.519,87.0,202.0,0.431,13.0,36.0,0.361,19.0,43.0,0.442,57.0,182.0,0.313,0.0,0.0,0.0
1628630,Jamel Morris,1612709917,GRD,25.0,102,197,0.518,26.0,70.0,0.371,15.0,70.0,0.214,15.0,32.0,0.469,14.0,24.0,0.583,61.0,173.0,0.353,0.0,1.0,0.0
1628511,James Blackmon Jr.,1612709927,WIS,23.0,90,151,0.596,12.0,36.0,0.333,20.0,52.0,0.385,9.0,24.0,0.375,7.0,24.0,0.292,84.0,199.0,0.422,0.0,0.0,0.0
203949,James Michael McAdoo,1612709924,ACC,25.0,43,77,0.558,6.0,22.0,0.273,7.0,25.0,0.28,0.0,6.0,0.0,2.0,4.0,0.5,6.0,20.0,0.3,0.0,0.0,0.0
203480,James Southerland,1612709905,SBL,28.0,78,104,0.75,16.0,39.0,0.41,29.0,81.0,0.358,1.0,7.0,0.143,6.0,11.0,0.545,80.0,204.0,0.392,0.0,0.0,0.0
1627821,James Webb III,1612709921,LIN,24.0,53,89,0.596,4.0,20.0,0.2,5.0,13.0,0.385,16.0,55.0,0.291,19.0,42.0,0.452,67.0,177.0,0.379,0.0,0.0,0.0
203923,James Young,1612709909,DEL,22.0,89,143,0.622,14.0,45.0,0.311,32.0,72.0,0.444,20.0,38.0,0.526,18.0,49.0,0.367,81.0,251.0,0.323,0.0,1.0,0.0
203966,Jamil Wilson,1612709910,FWN,27.0,29,44,0.659,12.0,19.0,0.632,24.0,59.0,0.407,3.0,8.0,0.375,2.0,6.0,0.333,39.0,110.0,0.355,0.0,0.0,0.0
1628876,Jared Brownridge,1612709909,DEL,23.0,0,0,0.0,0.0,0.0,0.0,1.0,2.0,0.5,1.0,2.0,0.5,2.0,3.0,0.667,2.0,5.0,0.4,0.0,0.0,0.0
204067,Jarell Eddie,1612709923,WCB,26.0,24,50,0.48,8.0,16.0,0.5,24.0,58.0,0.414,19.0,29.0,0.655,17.0,36.0,0.472,63.0,161.0,0.391,0.0,0.0,0.0
1626185,Jarell Martin,1612709926,MHU,24.0,3,7,0.429,0.0,2.0,0.0,1.0,6.0,0.167,2.0,3.0,0.667,1.0,3.0,0.333,1.0,4.0,0.25,0.0,0.0,0.0
1628417,Jaron Blossomgame,1612709890,AUS,24.0,240,376,0.638,58.0,129.0,0.45,34.0,71.0,0.479,4.0,10.0,0.4,0.0,8.0,0.0,18.0,55.0,0.327,0.0,0.0,0.0
1627784,Jarrod Uthoff,1612709910,FWN,25.0,110,172,0.64,33.0,75.0,0.44,82.0,200.0,0.41,4.0,12.0,0.333,7.0,22.0,0.318,78.0,203.0,0.384,0.0,0.0,0.0
1627299,Jarvis Summers,1612709927,WIS,25.0,46,82,0.561,17.0,49.0,0.347,36.0,85.0,0.424,4.0,11.0,0.364,3.0,15.0,0.2,14.0,64.0,0.219,0.0,0.0,0.0
204128,Jarvis Williams,1612709921,LIN,28.0,10,14,0.714,0.0,9.0,0.0,3.0,7.0,0.429,2.0,3.0,0.667,2.0,3.0,0.667,2.0,8.0,0.25,0.0,0.0,0.0
1628621,Javan Felix,1612709889,OKL,23.0,41,88,0.466,25.0,75.0,0.333,2.0,11.0,0.182,5.0,12.0,0.417,7.0,14.0,0.5,27.0,81.0,0.333,0.0,0.0,0.0
1628393,Jawun Evans,1612709924,ACC,21.0,1,5,0.2,1.0,2.0,0.5,0.0,3.0,0.0,0.0,0.0,0.0,0.0,0.0,0.0,0.0,1.0,0.0,0.0,0.0,0.0
1628547,Jay Wright,1612709925,LAK,23.0,35,54,0.648,1.0,9.0,0.111,3.0,19.0,0.158,2.0,4.0,0.5,1.0,3.0,0.333,6.0,25.0,0.24,0.0,1.0,0.0
1628575,Jaylen Johnson,1612709923,WCB,21.0,141,246,0.573,32.0,84.0,0.381,17.0,40.0,0.425,1.0,15.0,0.067,6.0,11.0,0.545,34.0,114.0,0.298,0.0,0.0,0.0
1628537,Jaylen Morris,1612709913,ERI,22.0,154,231,0.667,11.0,30.0,0.367,6.0,26.0,0.231,5.0,15.0,0.333,7.0,21.0,0.333,15.0,58.0,0.259,0.0,0.0,0.0
1628599,Je'Lon Hornbeak,1612709910,FWN,24.0,4,10,0.4,1.0,2.0,0.5,0.0,7.0,0.0,4.0,8.0,0.5,5.0,9.0,0.556,12.0,49.0,0.245,0.0,0.0,0.0
1628461,JeQuan Lewis,1612709927,WIS,23.0,86,155,0.555,8.0,33.0,0.242,19.0,45.0,0.422,1.0,9.0,0.111,6.0,10.0,0.6,45.0,108.0,0.417,0.0,2.0,0.0
1626586,Jeff Ledbetter,1612709890,AUS,29.0,26,46,0.565,8.0,14.0,0.571,25.0,57.0,0.439,13.0,29.0,0.448,5.0,10.0,0.5,83.0,238.0,0.349,0.0,1.0,0.0
202379,Jeremy Evans,1612709913,ERI,30.0,189,251,0.753,6.0,17.0,0.353,7.0,13.0,0.538,3.0,13.0,0.231,8.0,30.0,0.267,18.0,50.0,0.36,0.0,0.0,0.0
1628526,Jeremy Hollowell,1612709913,ERI,24.0,86,153,0.562,8.0,26.0,0.308,23.0,44.0,0.523,6.0,18.0,0.333,7.0,16.0,0.438,35.0,106.0,0.33,0.0,2.0,0.0
1628456,Jeremy Morgan,1612709926,MHU,23.0,28,43,0.651,4.0,13.0,0.308,14.0,24.0,0.583,8.0,27.0,0.296,6.0,14.0,0.429,33.0,105.0,0.314,0.0,1.0,0.0
202951,Jeremy Pargo,1612709902,SCW,32.0,32,58,0.552,11.0,34.0,0.324,11.0,22.0,0.5,0.0,0.0,0.0,1.0,4.0,0.25,22.0,55.0,0.4,0.0,0.0,0.0
1628496,Jeremy Senglin,1612709921,LIN,23.0,79,137,0.577,5.0,18.0,0.278,32.0,70.0,0.457,11.0,32.0,0.344,23.0,46.0,0.5,82.0,247.0,0.332,0.0,1.0,0.0
201966,Jermaine Taylor,1612709903,SLC,31.0,43,72,0.597,8.0,25.0,0.32,4.0,20.0,0.2,14.0,28.0,0.5,3.0,8.0,0.375,16.0,64.0,0.25,0.0,1.0,0.0
1628557,Jerome Frink,1612709923,WCB,24.0,7,13,0.538,0.0,2.0,0.0,0.0,1.0,0.0,0.0,2.0,0.0,0.0,0.0,0.0,1.0,1.0,1.0,,,
1628135,Jerome Seagears,1612709926,MHU,25.0,1,3,0.333,0.0,0.0,0.0,0.0,3.0,0.0,0.0,0.0,0.0,1.0,2.0,0.5,0.0,2.0,0.0,0.0,0.0,0.0
1628754,Jimmie Taylor,1612709904,SXF,22.0,63,90,0.7,9.0,16.0,0.563,2.0,6.0,0.333,0.0,0.0,0.0,0.0,0.0,0.0,0.0,0.0,0.0,0.0,0.0,0.0
201149,Joakim Noah,1612709919,WES,33.0,4,4,1.0,0.0,1.0,0.0,0.0,0.0,0.0,0.0,0.0,0.0,0.0,0.0,0.0,0.0,0.0,0.0,0.0,0.0,0.0
1627762,Joel Bolomboy,1612709927,WIS,24.0,138,199,0.693,17.0,45.0,0.378,28.0,65.0,0.431,1.0,1.0,1.0,0.0,3.0,0.0,14.0,43.0,0.326,0.0,0.0,0.0
1628617,John Dawson,1612709922,GBO,23.0,5,16,0.313,9.0,16.0,0.563,7.0,14.0,0.5,10.0,25.0,0.4,4.0,13.0,0.308,24.0,64.0,0.375,0.0,1.0,0.0
1628552,John Gillon,1612709913,ERI,24.0,48,90,0.533,10.0,19.0,0.526,7.0,15.0,0.467,0.0,2.0,0.0,2.0,3.0,0.667,26.0,79.0,0.329,0.0,0.0,0.0
204066,John Holland,1612709893,CTN,29.0,55,84,0.655,6.0,29.0,0.207,20.0,54.0,0.37,8.0,22.0,0.364,7.0,19.0,0.368,54.0,149.0,0.362,0.0,1.0,0.0
204181,John Petrucelli,1612709925,LAK,25.0,88,145,0.607,9.0,19.0,0.474,18.0,51.0,0.353,5.0,15.0,0.333,5.0,18.0,0.278,5.0,24.0,0.208,0.0,0.0,0.0
1628405,Johnathan Motley,1612709918,TEX,23.0,235,339,0.693,37.0,99.0,0.374,17.0,47.0,0.362,1.0,1.0,1.0,0.0,2.0,0.0,13.0,47.0,0.277,0.0,0.0,0.0
1626281,Jon Horford,1612709917,GRD,26.0,46,70,0.657,3.0,9.0,0.333,9.0,22.0,0.409,1.0,2.0,0.5,1.0,1.0,1.0,1.0,15.0,0.067,0.0,0.0,0.0
1627218,Jon Octeus,1612709923,WCB,26.0,16,25,0.64,1.0,3.0,0.333,0.0,1.0,0.0,0.0,0.0,0.0,0.0,0.0,0.0,4.0,9.0,0.444,0.0,0.0,0.0
1626182,Jonathan Holmes,1612709915,MNE,25.0,10,17,0.588,2.0,3.0,0.667,2.0,6.0,0.333,1.0,5.0,0.2,0.0,1.0,0.0,11.0,40.0,0.275,0.0,0.0,0.0
1628371,Jonathan Isaac,1612709925,LAK,20.0,3,4,0.75,0.0,0.0,0.0,2.0,6.0,0.333,0.0,1.0,0.0,0.0,0.0,0.0,0.0,2.0,0.0,0.0,0.0,0.0
1628395,Jordan Bell,1612709902,SCW,23.0,5,7,0.714,1.0,1.0,1.0,1.0,1.0,1.0,0.0,0.0,0.0,0.0,0.0,0.0,0.0,0.0,0.0,0.0,0.0,0.0
1627306,Jordan Downing,1612709918,TEX,26.0,12,17,0.706,5.0,13.0,0.385,14.0,39.0,0.359,10.0,18.0,0.556,2.0,8.0,0.25,22.0,49.0,0.449,0.0,0.0,0.0
1626999,Jordan Green,1612709890,AUS,25.0,31,53,0.585,7.0,18.0,0.389,1.0,9.0,0.111,3.0,8.0,0.375,2.0,4.0,0.5,3.0,15.0,0.2,0.0,0.0,0.0
203542,Jordan Henriquez,1612709919,WES,28.0,52,84,0.619,6.0,21.0,0.286,6.0,24.0,0.25,0.0,0.0,0.0,0.0,0.0,0.0,0.0,0.0,0.0,0.0,1.0,0.0
1628535,Jordan Mathews,1612709913,ERI,23.0,62,111,0.559,3.0,25.0,0.12,14.0,36.0,0.389,10.0,37.0,0.27,13.0,33.0,0.394,41.0,132.0,0.311,0.0,1.0,0.0
1627289,Jordon Crawford,1612709926,MHU,27.0,46,73,0.63,6.0,17.0,0.353,18.0,47.0,0.383,2.0,5.0,0.4,4.0,8.0,0.5,21.0,44.0,0.477,0.0,0.0,0.0
1628638,Josh Adeyeye,1612709915,MNE,25.0,22,41,0.537,1.0,3.0,0.333,3.0,7.0,0.429,9.0,21.0,0.429,11.0,30.0,0.367,28.0,91.0,0.308,0.0,0.0,0.0
1627982,Josh Gray,1612709900,NAS,24.0,174,310,0.561,19.0,75.0,0.253,11.0,34.0,0.324,9.0,21.0,0.429,11.0,25.0,0.44,100.0,248.0,0.403,0.0,1.0,0.0
1628237,Josh Hagins,1612709914,RNO,24.0,51,93,0.548,19.0,44.0,0.432,17.0,46.0,0.37,0.0,2.0,0.0,0.0,5.0,0.0,47.0,111.0,0.423,0.0,0.0,0.0
1628404,Josh Hart,1612709905,SBL,23.0,9,15,0.6,0.0,1.0,0.0,1.0,2.0,0.5,1.0,2.0,0.5,0.0,1.0,0.0,3.0,12.0,0.25,0.0,0.0,0.0
203705,Josh Magette,1612709913,ERI,28.0,73,152,0.48,21.0,71.0,0.296,28.0,63.0,0.444,4.0,13.0,0.308,1.0,4.0,0.25,57.0,189.0,0.302,0.0,0.0,0.0
1628563,Joshua Blamon,1612709927,WIS,24.0,2,4,0.5,0.0,0.0,0.0,2.0,2.0,1.0,0.0,1.0,0.0,0.0,2.0,0.0,0.0,5.0,0.0,0.0,0.0,0.0
1627829,Julian Jacobs,1612709909,DEL,23.0,19,39,0.487,2.0,6.0,0.333,2.0,7.0,0.286,0.0,3.0,0.0,0.0,0.0,0.0,3.0,13.0,0.231,0.0,0.0,0.0
1627395,Julian Washburn,1612709890,AUS,26.0,24,37,0.649,2.0,9.0,0.222,21.0,46.0,0.457,10.0,36.0,0.278,9.0,20.0,0.45,30.0,72.0,0.417,0.0,1.0,0.0
1628023,Julien Lewis,1612709908,RGV,25.0,87,134,0.649,14.0,30.0,0.467,8.0,17.0,0.471,8.0,27.0,0.296,6.0,26.0,0.231,30.0,95.0,0.316,0.0,1.0,0.0
202933,Julyan Stone,1612709922,GBO,29.0,4,8,0.5,0.0,5.0,0.0,3.0,7.0,0.429,0.0,2.0,0.0,0.0,1.0,0.0,5.0,18.0,0.278,0.0,0.0,0.0
202458,Justin Dentmon,1612709918,TEX,32.0,50,82,0.61,15.0,35.0,0.429,47.0,96.0,0.49,0.0,1.0,0.0,9.0,13.0,0.692,90.0,246.0,0.366,0.0,1.0,0.0
1628382,Justin Jackson,1612709914,RNO,23.0,20,30,0.667,6.0,25.0,0.24,4.0,11.0,0.364,0.0,0.0,0.0,3.0,6.0,0.5,6.0,21.0,0.286,0.0,0.0,0.0
1628618,Justin Leon,1612709889,OKL,22.0,33,55,0.6,4.0,15.0,0.267,4.0,14.0,0.286,12.0,38.0,0.316,13.0,36.0,0.361,63.0,172.0,0.366,0.0,0.0,0.0
1628383,Justin Patton,1612709911,IWA,20.0,111,173,0.642,31.0,77.0,0.403,42.0,122.0,0.344,3.0,6.0,0.5,1.0,5.0,0.2,11.0,37.0,0.297,0.0,1.0,0.0
203909,KJ McDaniels,1612709917,GRD,25.0,134,206,0.65,12.0,36.0,0.333,7.0,30.0,0.233,1.0,10.0,0.1,5.0,12.0,0.417,32.0,101.0,0.317,0.0,1.0,0.0
1628443,Kadeem Allen,1612709915,MNE,25.0,151,256,0.59,19.0,73.0,0.26,16.0,42.0,0.381,4.0,18.0,0.222,2.0,16.0,0.125,36.0,104.0,0.346,0.0,2.0,0.0
1627292,Kadeem Jack,1612709904,SXF,25.0,183,262,0.698,32.0,66.0,0.485,7.0,33.0,0.212,0.0,0.0,0.0,0.0,2.0,0.0,0.0,0.0,0.0,0.0,0.0,0.0
1628768,Kamari Murphy,1612709921,LIN,24.0,121,209,0.579,17.0,57.0,0.298,33.0,91.0,0.363,15.0,35.0,0.429,8.0,40.0,0.2,9.0,38.0,0.237,0.0,1.0,0.0
1627226,Karrington Ward,1612709923,WCB,25.0,37,59,0.627,2.0,9.0,0.222,4.0,17.0,0.235,11.0,31.0,0.355,15.0,35.0,0.429,12.0,44.0,0.273,0.0,1.0,0.0
1627770,Kay Felder,1612709917,GRD,23.0,42,97,0.433,12.0,28.0,0.429,40.0,85.0,0.471,1.0,1.0,1.0,0.0,4.0,0.0,27.0,82.0,0.329,0.0,1.0,0.0
1628672,Kaza Keane,1612709920,RAP,24.0,61,126,0.484,12.0,34.0,0.353,7.0,20.0,0.35,0.0,3.0,0.0,4.0,5.0,0.8,19.0,84.0,0.226,0.0,2.0,0.0
1627867,Keith Hornsby,1612709918,TEX,26.0,50,77,0.649,7.0,24.0,0.292,28.0,70.0,0.4,9.0,24.0,0.375,4.0,12.0,0.333,28.0,74.0,0.378,0.0,0.0,0.0
1627316,Keith Steffeck,1612709924,ACC,29.0,19,36,0.528,5.0,9.0,0.556,5.0,15.0,0.333,4.0,15.0,0.267,3.0,11.0,0.273,33.0,102.0,0.324,0.0,1.0,0.0
1628729,Kendal Yancy,1612709890,AUS,23.0,1,1,1.0,0.0,2.0,0.0,0.0,0.0,0.0,0.0,1.0,0.0,,,,0.0,2.0,0.0,0.0,0.0,0.0
1627660,Kendall Gray,1612709921,LIN,26.0,67,102,0.657,1.0,6.0,0.167,2.0,7.0,0.286,1.0,6.0,0.167,2.0,3.0,0.667,2.0,4.0,0.5,0.0,0.0,0.0
203088,Kendall Marshall,1612709924,ACC,26.0,2,4,0.5,0.0,2.0,0.0,1.0,3.0,0.333,0.0,0.0,0.0,0.0,0.0,0.0,2.0,3.0,0.667,,,
1628541,Kendall Pollard,1612709903,SLC,23.0,15,33,0.455,1.0,8.0,0.125,6.0,15.0,0.4,0.0,1.0,0.0,0.0,0.0,0.0,0.0,3.0,0.0,0.0,0.0,0.0
2570,Kendrick Perkins,1612709893,CTN,33.0,62,105,0.59,27.0,58.0,0.466,3.0,10.0,0.3,0.0,0.0,0.0,0.0,0.0,0.0,0.0,0.0,0.0,0.0,0.0,0.0
1628452,Kennedy Meeks,1612709920,RAP,23.0,178,293,0.608,55.0,129.0,0.426,21.0,66.0,0.318,0.0,2.0,0.0,0.0,0.0,0.0,1.0,16.0,0.063,0.0,0.0,0.0
1627589,Kenneth Smith,1612709917,GRD,25.0,64,107,0.598,18.0,45.0,0.4,18.0,52.0,0.346,0.0,4.0,0.0,1.0,3.0,0.333,34.0,119.0,0.286,0.0,2.0,0.0
1628565,Kethan Savage,1612709920,RAP,24.0,24,51,0.471,3.0,17.0,0.176,7.0,24.0,0.292,2.0,5.0,0.4,2.0,4.0,0.5,1.0,16.0,0.063,0.0,3.0,0.0
203751,Kevin Foster,1612709911,IWA,29.0,8,17,0.471,1.0,6.0,0.167,3.0,10.0,0.3,1.0,3.0,0.333,1.0,2.0,0.5,14.0,32.0,0.438,0.0,0.0,0.0
1628667,Kevin Hardy,1612709908,RGV,25.0,29,51,0.569,1.0,4.0,0.25,0.0,0.0,0.0,0.0,1.0,0.0,0.0,0.0,0.0,0.0,2.0,0.0,0.0,0.0,0.0
204103,Kevin Olekaibe,1612709893,CTN,25.0,43,87,0.494,10.0,25.0,0.4,13.0,26.0,0.5,4.0,13.0,0.308,6.0,18.0,0.333,56.0,164.0,0.341,0.0,0.0,0.0
1627290,Kevin Young,1612709902,SCW,27.0,19,24,0.792,0.0,4.0,0.0,0.0,0.0,0.0,1.0,1.0,1.0,0.0,0.0,0.0,1.0,2.0,0.5,0.0,0.0,0.0
203920,Khem Birch,1612709925,LAK,25.0,81,114,0.711,24.0,56.0,0.429,13.0,27.0,0.481,0.0,0.0,0.0,0.0,0.0,0.0,0.0,0.0,0.0,0.0,0.0,0.0
1628424,Kobi Simmons,1612709926,MHU,20.0,84,139,0.604,10.0,34.0,0.294,15.0,63.0,0.238,3.0,9.0,0.333,3.0,8.0,0.375,23.0,64.0,0.359,0.0,1.0,0.0
1628711,Kris Jenkins,1612709904,SXF,24.0,0,1,0.0,0.0,0.0,0.0,0.0,1.0,0.0,1.0,2.0,0.5,1.0,3.0,0.333,7.0,25.0,0.28,0.0,0.0,0.0
1628663,Kuran Iverson,1612709926,MHU,22.0,30,49,0.612,10.0,20.0,0.5,4.0,16.0,0.25,2.0,9.0,0.222,1.0,6.0,0.167,3.0,18.0,0.167,0.0,0.0,0.0
1626271,Kyle Casey,1612709927,WIS,27.0,68,121,0.562,4.0,21.0,0.19,31.0,76.0,0.408,5.0,9.0,0.556,1.0,3.0,0.333,24.0,71.0,0.338,0.0,0.0,0.0
1627858,Kyle Collinsworth,1612709918,TEX,26.0,61,99,0.616,12.0,33.0,0.364,1.0,9.0,0.111,6.0,15.0,0.4,3.0,9.0,0.333,4.0,17.0,0.235,0.0,0.0,0.0
1628666,Kyle Davis,1612709908,RGV,23.0,26,39,0.667,1.0,6.0,0.167,0.0,0.0,0.0,1.0,3.0,0.333,0.0,4.0,0.0,6.0,20.0,0.3,0.0,1.0,0.0
203684,Kyle Randall,1612709909,DEL,26.0,23,45,0.511,6.0,18.0,0.333,13.0,28.0,0.464,3.0,9.0,0.333,0.0,5.0,0.0,4.0,18.0,0.222,0.0,0.0,0.0
1628671,L.G. Gill,1612709922,GBO,23.0,104,160,0.65,10.0,23.0,0.435,12.0,32.0,0.375,1.0,2.0,0.5,0.0,1.0,0.0,0.0,0.0,0.0,0.0,0.0,0.0
1628433,L.J. Peak,1612709915,MNE,22.0,117,204,0.574,6.0,32.0,0.188,17.0,31.0,0.548,5.0,35.0,0.143,5.0,26.0,0.192,44.0,127.0,0.346,0.0,0.0,0.0
1628615,L.J. Rose,1612709903,SLC,24.0,2,7,0.286,1.0,3.0,0.333,4.0,6.0,0.667,0.0,0.0,0.0,3.0,6.0,0.5,4.0,12.0,0.333,0.0,0.0,0.0
1628176,LaDontae Henton,1612709924,ACC,26.0,95,183,0.519,21.0,66.0,0.318,27.0,80.0,0.338,7.0,20.0,0.35,14.0,39.0,0.359,87.0,266.0,0.327,0.0,0.0,0.0
203941,LaQuinton Ross,1612709918,TEX,26.0,0,2,0.0,0.0,0.0,0.0,0.0,1.0,0.0,,,,0.0,1.0,0.0,0.0,0.0,0.0,0.0,0.0,0.0
1628870,Lamond Murray Jr.,1612709915,MNE,23.0,4,7,0.571,2.0,3.0,0.667,1.0,6.0,0.167,1.0,2.0,0.5,0.0,1.0,0.0,1.0,2.0,0.5,0.0,0.0,0.0
1628477,Landry Nnoko,1612709917,GRD,24.0,238,379,0.628,30.0,76.0,0.395,6.0,18.0,0.333,0.0,0.0,0.0,0.0,0.0,0.0,0.0,0.0,0.0,0.0,0.0,0.0
203580,Larry Drew II,1612709904,SXF,28.0,41,68,0.603,12.0,32.0,0.375,34.0,85.0,0.4,6.0,21.0,0.286,3.0,13.0,0.231,60.0,140.0,0.429,0.0,1.0,0.0
202730,Lavoy Allen,1612709900,NAS,29.0,29,47,0.617,7.0,13.0,0.538,3.0,7.0,0.429,0.0,0.0,0.0,0.0,0.0,0.0,0.0,0.0,0.0,0.0,0.0,0.0
1628757,Leron Barnes,1612709915,MNE,24.0,0,0,0.0,0.0,0.0,0.0,,,,,,,0.0,0.0,0.0,0.0,0.0,0.0,,,
203520,Livio Jean-Charles,1612709890,AUS,24.0,113,152,0.743,40.0,86.0,0.465,65.0,143.0,0.455,1.0,2.0,0.5,0.0,1.0,0.0,1.0,7.0,0.143,0.0,0.0,0.0
1628506,London Perrantes,1612709893,CTN,23.0,46,81,0.568,15.0,44.0,0.341,23.0,64.0,0.359,4.0,11.0,0.364,1.0,6.0,0.167,50.0,162.0,0.309,0.0,0.0,0.0
203485,Lorenzo Brown,1612709920,RAP,27.0,127,210,0.605,40.0,94.0,0.426,31.0,87.0,0.356,2.0,11.0,0.182,7.0,16.0,0.438,26.0,74.0,0.351,0.0,6.0,0.0
1626242,Luis Montero,1612709914,RNO,25.0,64,120,0.533,7.0,20.0,0.35,13.0,44.0,0.295,6.0,19.0,0.316,4.0,18.0,0.222,22.0,70.0,0.314,0.0,1.0,0.0
1628379,Luke Kennard,1612709917,GRD,21.0,2,4,0.5,2.0,2.0,1.0,1.0,3.0,0.333,0.0,0.0,0.0,0.0,0.0,0.0,2.0,4.0,0.5,0.0,0.0,0.0
1628436,Luke Kornet,1612709919,WES,22.0,87,121,0.719,16.0,48.0,0.333,22.0,65.0,0.338,2.0,5.0,0.4,5.0,10.0,0.5,84.0,192.0,0.438,0.0,1.0,0.0
1628517,Luke Petrasek,1612709922,GBO,22.0,43,69,0.623,3.0,24.0,0.125,7.0,27.0,0.259,6.0,15.0,0.4,10.0,24.0,0.417,50.0,147.0,0.34,0.0,0.0,0.0
1628675,Maksym Pustozvonov,1612709893,CTN,31.0,5,8,0.625,1.0,4.0,0.25,5.0,12.0,0.417,1.0,3.0,0.333,2.0,9.0,0.222,5.0,20.0,0.25,0.0,0.0,0.0
1627781,Malachi Richardson,1612709920,RAP,22.0,16,37,0.432,4.0,20.0,0.2,11.0,32.0,0.344,3.0,13.0,0.231,2.0,9.0,0.222,17.0,49.0,0.347,0.0,0.0,0.0
1628731,Malcolm Bernard,1612709917,GRD,24.0,13,31,0.419,1.0,11.0,0.091,1.0,6.0,0.167,1.0,2.0,0.5,2.0,7.0,0.286,2.0,15.0,0.133,0.0,0.0,0.0
1626259,Malcolm Miller,1612709920,RAP,25.0,53,79,0.671,4.0,16.0,0.25,6.0,21.0,0.286,10.0,18.0,0.556,14.0,42.0,0.333,50.0,136.0,0.368,0.0,2.0,0.0
1628660,Malik Dime,1612709900,NAS,25.0,0,0,0.0,0.0,0.0,0.0,0.0,1.0,0.0,0.0,0.0,0.0,0.0,0.0,0.0,0.0,0.0,0.0,,,
1628370,Malik Monk,1612709922,GBO,20.0,1,2,0.5,0.0,1.0,0.0,1.0,3.0,0.333,1.0,1.0,1.0,2.0,6.0,0.333,4.0,14.0,0.286,0.0,0.0,0.0
1628493,Mangok Mathiang,1612709922,GBO,25.0,171,303,0.564,17.0,53.0,0.321,4.0,20.0,0.2,0.0,0.0,0.0,0.0,1.0,0.0,0.0,0.0,0.0,0.0,0.0,0.0
1628533,Marc Loving,1612709909,DEL,23.0,15,30,0.5,0.0,3.0,0.0,0.0,7.0,0.0,6.0,13.0,0.462,6.0,14.0,0.429,30.0,86.0,0.349,0.0,0.0,0.0
1627875,Marcus Georges-Hunt,1612709911,IWA,24.0,7,8,0.875,0.0,2.0,0.0,1.0,2.0,0.5,2.0,2.0,1.0,0.0,0.0,0.0,0.0,2.0,0.0,,,
1627779,Marcus Paige,1612709922,GBO,24.0,79,122,0.648,19.0,55.0,0.345,26.0,74.0,0.351,12.0,21.0,0.571,9.0,24.0,0.375,96.0,266.0,0.361,0.0,2.0,0.0
204136,Marcus Simmons,1612709917,GRD,30.0,21,40,0.525,4.0,12.0,0.333,3.0,17.0,0.176,2.0,4.0,0.5,0.0,2.0,0.0,10.0,20.0,0.5,0.0,0.0,0.0
1626194,Marcus Thornton,1612709893,CTN,25.0,71,133,0.534,11.0,43.0,0.256,84.0,195.0,0.431,11.0,25.0,0.44,8.0,19.0,0.421,147.0,383.0,0.384,0.0,2.0,0.0
201977,Marcus Thornton,1612709917,GRD,30.0,51,69,0.739,7.0,19.0,0.368,11.0,27.0,0.407,5.0,11.0,0.455,5.0,9.0,0.556,29.0,81.0,0.358,0.0,0.0,0.0
200766,Marcus Williams,1612709914,RNO,32.0,18,39,0.462,11.0,34.0,0.324,81.0,220.0,0.368,3.0,11.0,0.273,6.0,19.0,0.316,79.0,206.0,0.383,0.0,1.0,0.0
201872,Mark Tyndale,1612709926,MHU,32.0,5,11,0.455,3.0,6.0,0.5,0.0,0.0,0.0,0.0,1.0,0.0,0.0,0.0,0.0,0.0,3.0,0.0,0.0,0.0,0.0
203900,Markel Brown,1612709908,RGV,26.0,80,135,0.593,11.0,20.0,0.55,9.0,21.0,0.429,15.0,36.0,0.417,6.0,16.0,0.375,61.0,179.0,0.341,0.0,0.0,0.0
203104,Marquis Teague,1612709926,MHU,25.0,144,285,0.505,26.0,99.0,0.263,83.0,160.0,0.519,4.0,8.0,0.5,2.0,2.0,1.0,58.0,138.0,0.42,0.0,2.0,0.0
1628536,Marquise Moore,1612709911,IWA,23.0,60,102,0.588,6.0,25.0,0.24,21.0,55.0,0.382,0.0,0.0,0.0,0.0,2.0,0.0,0.0,7.0,0.0,0.0,0.0,0.0
1627850,Marshall Plumlee,1612709927,WIS,25.0,125,190,0.658,6.0,25.0,0.24,13.0,38.0,0.342,0.0,0.0,0.0,0.0,0.0,0.0,0.0,2.0,0.0,0.0,0.0,0.0
1628634,Marvin Singleton Jr.,1612709911,IWA,25.0,1,2,0.5,0.0,1.0,0.0,0.0,1.0,0.0,0.0,2.0,0.0,1.0,4.0,0.25,3.0,10.0,0.3,0.0,0.0,0.0
1627856,Matt Costello,1612709890,AUS,24.0,63,98,0.643,11.0,27.0,0.407,7.0,23.0,0.304,1.0,3.0,0.333,4.0,7.0,0.571,10.0,31.0,0.323,0.0,0.0,0.0
1628512,Matt Jones,1612709914,RNO,23.0,97,167,0.581,12.0,39.0,0.308,17.0,46.0,0.37,7.0,30.0,0.233,14.0,31.0,0.452,41.0,142.0,0.289,0.0,0.0,0.0
1628475,Matt Williams Jr.,1612709904,SXF,24.0,9,19,0.474,6.0,12.0,0.5,12.0,39.0,0.308,20.0,50.0,0.4,11.0,31.0,0.355,93.0,235.0,0.396,0.0,0.0,0.0
1628777,Maverick Rowan,1612709925,LAK,21.0,18,33,0.545,3.0,8.0,0.375,7.0,25.0,0.28,9.0,18.0,0.5,5.0,15.0,0.333,25.0,77.0,0.325,0.0,1.0,0.0
1628074,Max Hooper,1612709919,WES,23.0,0,0,0.0,,,,0.0,0.0,0.0,,,,0.0,0.0,0.0,,,,,,
1628453,Melo Trimble,1612709911,IWA,23.0,115,215,0.535,29.0,76.0,0.382,56.0,123.0,0.455,8.0,14.0,0.571,1.0,9.0,0.111,64.0,187.0,0.342,0.0,0.0,0.0
1628609,Michael Bethea Jr.,1612709914,RNO,23.0,14,24,0.583,1.0,8.0,0.125,4.0,24.0,0.167,4.0,11.0,0.364,5.0,14.0,0.357,20.0,58.0,0.345,0.0,0.0,0.0
1628164,Michael Bryson,1612709911,IWA,23.0,52,83,0.627,6.0,12.0,0.5,7.0,23.0,0.304,15.0,34.0,0.441,17.0,34.0,0.5,37.0,95.0,0.389,0.0,0.0,0.0
1628856,Michael Carrera,1612709889,OKL,25.0,9,21,0.429,1.0,6.0,0.167,3.0,6.0,0.5,7.0,9.0,0.778,3.0,10.0,0.3,3.0,12.0,0.25,0.0,0.0,0.0
203195,Michael Dunigan,1612709927,WIS,28.0,38,77,0.494,5.0,15.0,0.333,19.0,45.0,0.422,0.0,0.0,0.0,0.0,0.0,0.0,0.0,0.0,0.0,0.0,0.0,0.0
1627771,Michael Gbinije,1612709902,SCW,25.0,24,38,0.632,7.0,11.0,0.636,26.0,51.0,0.51,7.0,25.0,0.28,4.0,13.0,0.308,23.0,76.0,0.303,0.0,3.0,0.0
1626261,Michael Holyfield,1612709905,SBL,25.0,44,92,0.478,1.0,3.0,0.333,0.0,0.0,0.0,0.0,0.0,0.0,0.0,0.0,0.0,0.0,1.0,0.0,0.0,1.0,0.0
1628697,Michael Orris,1612709910,FWN,23.0,8,19,0.421,3.0,7.0,0.429,3.0,13.0,0.231,0.0,2.0,0.0,0.0,0.0,0.0,1.0,5.0,0.2,0.0,1.0,0.0
1626180,Michael Qualls,1612709918,TEX,24.0,34,57,0.596,0.0,8.0,0.0,10.0,32.0,0.313,3.0,13.0,0.231,2.0,11.0,0.182,12.0,43.0,0.279,1.0,1.0,1.0
1627396,Mike Cobbins,1612709889,OKL,25.0,165,230,0.717,9.0,26.0,0.346,1.0,3.0,0.333,0.0,0.0,0.0,0.0,0.0,0.0,0.0,1.0,0.0,0.0,0.0,0.0
203488,Mike Muscala,1612709913,ERI,26.0,4,6,0.667,1.0,1.0,1.0,2.0,3.0,0.667,1.0,3.0,0.333,1.0,2.0,0.5,5.0,9.0,0.556,,,
1056,Mike Williams,1612709893,CTN,26.0,4,10,0.4,0.0,4.0,0.0,1.0,2.0,0.5,0.0,0.0,0.0,0.0,0.0,0.0,2.0,13.0,0.154,0.0,0.0,0.0
1628454,Mike Young,1612709900,NAS,23.0,126,192,0.656,34.0,92.0,0.37,24.0,53.0,0.453,4.0,19.0,0.211,5.0,14.0,0.357,32.0,114.0,0.281,0.0,0.0,0.0
203101,Miles Plumlee,1612709913,ERI,29.0,2,4,0.5,1.0,3.0,0.333,0.0,0.0,0.0,0.0,0.0,0.0,0.0,0.0,0.0,0.0,0.0,0.0,,,
1628495,Milton Doyle,1612709921,LIN,24.0,116,223,0.52,55.0,119.0,0.462,20.0,73.0,0.274,28.0,60.0,0.467,15.0,28.0,0.536,103.0,307.0,0.336,1.0,3.0,0.333
1628420,Monte Morris,1612709908,RGV,22.0,146,243,0.601,29.0,73.0,0.397,15.0,37.0,0.405,12.0,25.0,0.48,5.0,20.0,0.25,44.0,133.0,0.331,0.0,0.0,0.0
201203,Mustafa Shakur,1612709889,OKL,33.0,12,27,0.444,1.0,7.0,0.143,1.0,5.0,0.2,0.0,2.0,0.0,1.0,1.0,1.0,1.0,10.0,0.1,0.0,0.0,0.0
1628539,Mychal Mulder,1612709923,WCB,23.0,76,117,0.65,3.0,12.0,0.25,7.0,26.0,0.269,16.0,40.0,0.4,16.0,49.0,0.327,46.0,147.0,0.313,0.0,1.0,0.0
1627988,Myke Henry,1612709926,MHU,25.0,126,201,0.627,14.0,27.0,0.519,8.0,25.0,0.32,7.0,22.0,0.318,6.0,15.0,0.4,65.0,159.0,0.409,0.0,2.0,0.0
1628704,Najeal Young,1612709902,SCW,24.0,14,27,0.519,4.0,13.0,0.308,3.0,13.0,0.231,1.0,1.0,1.0,1.0,2.0,0.5,0.0,8.0,0.0,0.0,0.0,0.0
203489,Nate Wolters,1612709903,SLC,27.0,29,54,0.537,25.0,45.0,0.556,10.0,41.0,0.244,1.0,6.0,0.167,1.0,1.0,1.0,10.0,38.0,0.263,0.0,0.0,0.0
1628513,Naz Mitrou-Long,1612709903,SLC,24.0,80,139,0.576,11.0,29.0,0.379,12.0,35.0,0.343,12.0,31.0,0.387,12.0,25.0,0.48,113.0,305.0,0.37,0.0,0.0,0.0
1628017,Negus Webster-Chan,1612709920,RAP,25.0,1,2,0.5,0.0,0.0,0.0,2.0,6.0,0.333,3.0,12.0,0.25,10.0,17.0,0.588,10.0,26.0,0.385,0.0,0.0,0.0
203910,Nick Johnson,1612709890,AUS,25.0,48,114,0.421,7.0,39.0,0.179,50.0,147.0,0.34,6.0,26.0,0.231,5.0,16.0,0.313,68.0,176.0,0.386,0.0,2.0,0.0
1627852,Nicolas Brussino,1612709913,ERI,25.0,9,15,0.6,1.0,3.0,0.333,7.0,12.0,0.583,1.0,1.0,1.0,1.0,2.0,0.5,9.0,26.0,0.346,0.0,1.0,0.0
1628502,Nigel Hayes,1612709920,RAP,23.0,71,122,0.582,14.0,50.0,0.28,53.0,130.0,0.408,22.0,54.0,0.407,18.0,34.0,0.529,62.0,150.0,0.413,0.0,0.0,0.0
1626295,Nnanna Egwu,1612709917,GRD,25.0,0,1,0.0,0.0,0.0,0.0,1.0,1.0,1.0,,,,,,,0.0,0.0,0.0,,,
1626152,Olivier Hanlan,1612709890,AUS,25.0,79,118,0.669,35.0,65.0,0.538,55.0,151.0,0.364,14.0,31.0,0.452,10.0,20.0,0.5,46.0,139.0,0.331,0.0,0.0,0.0
204179,Omari Johnson,1612709926,MHU,29.0,69,111,0.622,15.0,48.0,0.313,48.0,99.0,0.485,4.0,25.0,0.16,4.0,17.0,0.235,128.0,282.0,0.454,0.0,0.0,0.0
1627945,Ousmane Drame,1612709919,WES,26.0,3,4,0.75,0.0,0.0,0.0,0.0,1.0,0.0,0.0,0.0,0.0,0.0,0.0,0.0,3.0,3.0,1.0,0.0,0.0,0.0
1628408,PJ Dozier,1612709889,OKL,21.0,140,231,0.606,12.0,50.0,0.24,13.0,31.0,0.419,11.0,28.0,0.393,9.0,30.0,0.3,34.0,100.0,0.34,0.0,1.0,0.0
1627775,Patrick McCaw,1612709902,SCW,22.0,7,9,0.778,2.0,8.0,0.25,0.0,3.0,0.0,0.0,1.0,0.0,0.0,0.0,0.0,2.0,8.0,0.25,0.0,0.0,0.0
1628778,Paul Watson,1612709919,WES,23.0,41,70,0.586,5.0,12.0,0.417,9.0,30.0,0.3,8.0,28.0,0.286,21.0,39.0,0.538,19.0,60.0,0.317,0.0,1.0,0.0
1627835,Paul Zipser,1612709923,WCB,24.0,5,7,0.714,0.0,1.0,0.0,4.0,7.0,0.571,0.0,1.0,0.0,0.0,1.0,0.0,4.0,10.0,0.4,0.0,0.0,0.0
203103,Perry Jones III,1612709911,IWA,26.0,52,80,0.65,16.0,34.0,0.471,16.0,46.0,0.348,3.0,7.0,0.429,4.0,10.0,0.4,18.0,60.0,0.3,0.0,0.0,0.0
1628514,Peter Jok,1612709900,NAS,24.0,7,10,0.7,1.0,2.0,0.5,3.0,5.0,0.6,8.0,21.0,0.381,4.0,12.0,0.333,21.0,54.0,0.389,0.0,0.0,0.0
1627813,Prince Ibeh,1612709921,LIN,23.0,40,66,0.606,2.0,9.0,0.222,2.0,2.0,1.0,0.0,0.0,0.0,0.0,0.0,0.0,0.0,0.0,0.0,0.0,0.0,0.0
1627999,Prince Williams,1612709911,IWA,25.0,14,23,0.609,1.0,3.0,0.333,3.0,9.0,0.333,2.0,4.0,0.5,1.0,8.0,0.125,7.0,23.0,0.304,0.0,0.0,0.0
1628756,Princeton Onwas,1612709919,WES,24.0,1,2,0.5,0.0,1.0,0.0,0.0,0.0,0.0,0.0,0.0,0.0,0.0,0.0,0.0,0.0,2.0,0.0,0.0,0.0,0.0
1626188,Quinn Cook,1612709902,SCW,25.0,110,158,0.696,24.0,63.0,0.381,52.0,100.0,0.52,11.0,14.0,0.786,3.0,12.0,0.25,69.0,161.0,0.429,0.0,2.0,0.0
1627899,Quinton Chievous,1612709902,SCW,25.0,15,20,0.75,1.0,4.0,0.25,1.0,2.0,0.5,1.0,3.0,0.333,1.0,2.0,0.5,6.0,17.0,0.353,0.0,0.0,0.0
1626154,RJ Hunter,1612709908,RGV,24.0,93,142,0.655,28.0,57.0,0.491,13.0,37.0,0.351,29.0,71.0,0.408,35.0,68.0,0.515,100.0,294.0,0.34,0.0,2.0,0.0
204112,Rahlir Hollis-Jefferson,1612709900,NAS,26.0,111,179,0.62,8.0,32.0,0.25,6.0,15.0,0.4,11.0,30.0,0.367,10.0,29.0,0.345,23.0,64.0,0.359,0.0,2.0,0.0
204192,Raphiael Putney,1612709913,ERI,28.0,154,240,0.642,13.0,47.0,0.277,12.0,33.0,0.364,8.0,19.0,0.421,15.0,45.0,0.333,73.0,217.0,0.336,0.0,0.0,0.0
1628577,Rashawn Thomas,1612709889,OKL,23.0,168,276,0.609,23.0,62.0,0.371,8.0,25.0,0.32,8.0,30.0,0.267,3.0,16.0,0.188,28.0,111.0,0.252,0.0,0.0,0.0
1628843,Raven Lee,1612709902,SCW,25.0,2,3,0.667,0.0,0.0,0.0,0.0,4.0,0.0,0.0,0.0,0.0,2.0,3.0,0.667,0.0,3.0,0.0,0.0,0.0,0.0
203687,Reggie Hearn,1612709917,GRD,26.0,49,97,0.505,5.0,16.0,0.313,24.0,52.0,0.462,9.0,18.0,0.5,8.0,24.0,0.333,43.0,120.0,0.358,0.0,1.0,0.0
1627352,Reggis Onwukamuche,1612709925,LAK,26.0,28,61,0.459,0.0,5.0,0.0,2.0,3.0,0.667,0.0,0.0,0.0,0.0,0.0,0.0,0.0,0.0,0.0,0.0,0.0,0.0
1628608,Richard Amardi,1612709920,RAP,28.0,10,15,0.667,2.0,7.0,0.286,7.0,14.0,0.5,1.0,6.0,0.167,2.0,2.0,1.0,4.0,17.0,0.235,0.0,0.0,0.0
203495,Ricky Ledo,1612709927,WIS,25.0,44,80,0.55,4.0,20.0,0.2,9.0,26.0,0.346,4.0,11.0,0.364,3.0,8.0,0.375,32.0,102.0,0.314,0.0,0.0,0.0
1628246,Robert Heyer,1612709905,SBL,26.0,30,47,0.638,0.0,4.0,0.0,5.0,7.0,0.714,9.0,14.0,0.643,5.0,12.0,0.417,27.0,68.0,0.397,0.0,0.0,0.0
203585,Rodney McGruder,1612709904,SXF,26.0,7,9,0.778,1.0,4.0,0.25,4.0,6.0,0.667,1.0,2.0,0.5,0.0,2.0,0.0,0.0,7.0,0.0,0.0,0.0,0.0
1628842,Rodney Pryor,1612709904,SXF,25.0,41,60,0.683,5.0,20.0,0.25,13.0,35.0,0.371,3.0,14.0,0.214,10.0,25.0,0.4,19.0,58.0,0.328,0.0,0.0,0.0
1628681,Rodney Purvis,1612709925,LAK,24.0,100,169,0.592,17.0,79.0,0.215,58.0,143.0,0.406,27.0,55.0,0.491,12.0,30.0,0.4,80.0,217.0,0.369,0.0,1.0,0.0
1628606,Roger Moute a Bidias,1612709920,RAP,23.0,7,13,0.538,1.0,5.0,0.2,2.0,4.0,0.5,0.0,0.0,0.0,1.0,1.0,1.0,0.0,1.0,0.0,0.0,0.0,0.0
1627758,Ron Baker,1612709919,WES,25.0,2,4,0.5,0.0,0.0,0.0,0.0,1.0,0.0,1.0,1.0,1.0,1.0,3.0,0.333,6.0,11.0,0.545,0.0,1.0,0.0
1627912,Roosevelt Jones,1612709893,CTN,25.0,28,51,0.549,9.0,24.0,0.375,1.0,5.0,0.2,0.0,0.0,0.0,0.0,1.0,0.0,0.0,2.0,0.0,0.0,1.0,0.0
203964,Roscoe Smith,1612709922,GBO,27.0,101,154,0.656,11.0,40.0,0.275,31.0,72.0,0.431,2.0,11.0,0.182,1.0,7.0,0.143,9.0,32.0,0.281,0.0,1.0,0.0
1626220,Royce O'Neale,1612709903,SLC,24.0,2,4,0.5,0.0,2.0,0.0,1.0,2.0,0.5,0.0,3.0,0.0,0.0,1.0,0.0,1.0,5.0,0.2,0.0,0.0,0.0
1627853,Ryan Arcidiacono,1612709923,WCB,24.0,67,103,0.65,14.0,60.0,0.233,14.0,43.0,0.326,10.0,18.0,0.556,7.0,10.0,0.7,57.0,136.0,0.419,0.0,0.0,0.0
1626280,Sam Thompson,1612709922,GBO,25.0,80,123,0.65,23.0,50.0,0.46,19.0,59.0,0.322,10.0,23.0,0.435,7.0,34.0,0.206,20.0,75.0,0.267,0.0,1.0,0.0
1628871,Scoochie Smith,1612709893,CTN,23.0,13,22,0.591,1.0,6.0,0.167,4.0,7.0,0.571,3.0,4.0,0.75,4.0,5.0,0.8,16.0,34.0,0.471,0.0,1.0,0.0
203159,Scott Machado,1612709905,SBL,27.0,119,220,0.541,36.0,89.0,0.404,30.0,85.0,0.353,5.0,9.0,0.556,3.0,10.0,0.3,62.0,152.0,0.408,0.0,0.0,0.0
1628859,Sekou Wiggs,1612709919,WES,23.0,26,45,0.578,2.0,8.0,0.25,8.0,21.0,0.381,0.0,4.0,0.0,0.0,1.0,0.0,6.0,24.0,0.25,0.0,0.0,0.0
1628875,Seth Allen,1612709904,SXF,23.0,2,4,0.5,0.0,2.0,0.0,1.0,1.0,1.0,0.0,1.0,0.0,0.0,0.0,0.0,3.0,5.0,0.6,0.0,0.0,0.0
202197,Shane Edwards,1612709909,DEL,31.0,17,21,0.81,0.0,3.0,0.0,0.0,4.0,0.0,1.0,5.0,0.2,0.0,1.0,0.0,0.0,3.0,0.0,0.0,0.0,0.0
1627932,Shane Richards,1612709908,RGV,24.0,15,21,0.714,1.0,2.0,0.5,1.0,4.0,0.25,12.0,25.0,0.48,3.0,11.0,0.273,37.0,93.0,0.398,0.0,0.0,0.0
200769,Shannon Brown,1612709909,DEL,32.0,45,78,0.577,4.0,16.0,0.25,30.0,90.0,0.333,2.0,8.0,0.25,5.0,9.0,0.556,8.0,33.0,0.242,0.0,1.0,0.0
1626263,Shannon Scott,1612709921,LIN,25.0,65,105,0.619,12.0,35.0,0.343,7.0,34.0,0.206,8.0,24.0,0.333,10.0,22.0,0.455,35.0,108.0,0.324,0.0,1.0,0.0
1627885,Shaquille Harrison,1612709900,NAS,24.0,110,191,0.576,9.0,28.0,0.321,1.0,7.0,0.143,11.0,29.0,0.379,5.0,15.0,0.333,18.0,62.0,0.29,0.0,0.0,0.0
1627981,Shaquille Thomas,1612709926,MHU,26.0,58,98,0.592,13.0,36.0,0.361,16.0,42.0,0.381,2.0,4.0,0.5,3.0,10.0,0.3,6.0,18.0,0.333,0.0,0.0,0.0
1627848,Shawn Long,1612709909,DEL,25.0,146,238,0.613,10.0,29.0,0.345,22.0,43.0,0.512,0.0,0.0,0.0,0.0,0.0,0.0,11.0,27.0,0.407,0.0,0.0,0.0
200761,Shawne Williams,1612709911,IWA,32.0,31,47,0.66,3.0,9.0,0.333,26.0,63.0,0.413,15.0,27.0,0.556,3.0,13.0,0.231,35.0,105.0,0.333,0.0,0.0,0.0
1628123,Shevon Thompson,1612709920,RAP,24.0,147,215,0.684,28.0,62.0,0.452,6.0,17.0,0.353,0.0,0.0,0.0,0.0,0.0,0.0,0.0,0.0,0.0,0.0,0.0,0.0
1627919,Shonn Miller,1612709903,SLC,24.0,2,3,0.667,2.0,5.0,0.4,1.0,2.0,0.5,1.0,2.0,0.5,0.0,0.0,0.0,2.0,9.0,0.222,0.0,0.0,0.0
1628569,Sidy Djitte,1612709889,OKL,24.0,4,6,0.667,1.0,5.0,0.2,1.0,4.0,0.25,0.0,0.0,0.0,0.0,0.0,0.0,0.0,0.0,0.0,0.0,0.0,0.0
1628414,Sindarius Thornwell,1612709924,ACC,23.0,2,4,0.5,0.0,3.0,0.0,2.0,3.0,0.667,0.0,2.0,0.0,0.0,1.0,0.0,0.0,1.0,0.0,,,
1627746,Skal Labissiere,1612709914,RNO,22.0,14,17,0.824,6.0,10.0,0.6,0.0,2.0,0.0,0.0,0.0,0.0,0.0,0.0,0.0,2.0,3.0,0.667,0.0,0.0,0.0
1628647,Skylar Spencer,1612709924,ACC,23.0,47,82,0.573,3.0,7.0,0.429,0.0,1.0,0.0,0.0,0.0,0.0,0.0,0.0,0.0,0.0,0.0,0.0,0.0,0.0,0.0
1627916,Stedmon Lemon,1612709893,CTN,25.0,2,4,0.5,0.0,0.0,0.0,0.0,2.0,0.0,1.0,3.0,0.333,0.0,0.0,0.0,2.0,4.0,0.5,0.0,0.0,0.0
202513,Stefhon Hannah,1612709909,DEL,32.0,4,9,0.444,3.0,8.0,0.375,2.0,7.0,0.286,0.0,0.0,0.0,0.0,0.0,0.0,15.0,38.0,0.395,0.0,1.0,0.0
1627208,Stephan Hicks,1612709910,FWN,26.0,126,200,0.63,17.0,42.0,0.405,7.0,23.0,0.304,19.0,53.0,0.358,4.0,21.0,0.19,29.0,82.0,0.354,0.0,0.0,0.0
1628653,Stephaun Branch,1612709905,SBL,22.0,145,274,0.529,14.0,52.0,0.269,3.0,19.0,0.158,7.0,19.0,0.368,7.0,15.0,0.467,30.0,104.0,0.288,0.0,1.0,0.0
1627757,Stephen Zimmerman,1612709905,SBL,21.0,49,74,0.662,8.0,21.0,0.381,5.0,12.0,0.417,0.0,1.0,0.0,0.0,0.0,0.0,0.0,1.0,0.0,0.0,0.0,0.0
1628425,Sterling Brown,1612709927,WIS,23.0,13,24,0.542,1.0,4.0,0.25,5.0,12.0,0.417,1.0,3.0,0.333,0.0,0.0,0.0,4.0,14.0,0.286,,,
1628646,Steven Green,1612709900,NAS,25.0,1,3,0.333,1.0,1.0,1.0,0.0,0.0,0.0,0.0,1.0,0.0,0.0,0.0,0.0,1.0,2.0,0.5,0.0,0.0,0.0
1628494,T.J. Williams,1612709922,GBO,23.0,77,154,0.5,12.0,39.0,0.308,23.0,60.0,0.383,1.0,6.0,0.167,0.0,6.0,0.0,11.0,43.0,0.256,0.0,1.0,0.0
1628388,TJ Leaf,1612709910,FWN,21.0,17,23,0.739,3.0,9.0,0.333,4.0,9.0,0.444,1.0,2.0,0.5,1.0,2.0,0.5,5.0,10.0,0.5,0.0,0.0,0.0
1628120,TJ Price,1612709925,LAK,24.0,51,93,0.548,15.0,42.0,0.357,30.0,89.0,0.337,8.0,27.0,0.296,8.0,29.0,0.276,55.0,149.0,0.369,0.0,1.0,0.0
1628769,Tahjere McCall,1612709921,LIN,23.0,106,180,0.589,2.0,14.0,0.143,0.0,3.0,0.0,7.0,19.0,0.368,3.0,11.0,0.273,7.0,23.0,0.304,0.0,1.0,0.0
1628579,Taylor Braun,1612709903,SLC,26.0,66,97,0.68,5.0,12.0,0.417,16.0,53.0,0.302,12.0,41.0,0.293,14.0,28.0,0.5,49.0,124.0,0.395,0.0,0.0,0.0
1628593,Taylor King,1612709924,ACC,30.0,4,5,0.8,1.0,4.0,0.25,0.0,1.0,0.0,0.0,0.0,0.0,0.0,1.0,0.0,4.0,11.0,0.364,0.0,0.0,0.0
1628390,Terrance Ferguson,1612709889,OKL,20.0,9,12,0.75,1.0,2.0,0.5,2.0,4.0,0.5,2.0,2.0,1.0,0.0,3.0,0.0,3.0,13.0,0.231,0.0,0.0,0.0
203093,Terrence Jones,1612709902,SCW,26.0,70,93,0.753,26.0,67.0,0.388,3.0,14.0,0.214,1.0,2.0,0.5,0.0,0.0,0.0,15.0,41.0,0.366,0.0,0.0,0.0
1628516,Terry Henderson,1612709922,GBO,24.0,39,75,0.52,6.0,30.0,0.2,19.0,44.0,0.432,18.0,58.0,0.31,11.0,21.0,0.524,65.0,166.0,0.392,0.0,0.0,0.0
1628874,Theron Laudermill,1612709924,ACC,28.0,0,0,0.0,0.0,1.0,0.0,0.0,1.0,0.0,,,,,,,,,,,,
1628418,Thomas Bryant,1612709905,SBL,20.0,204,244,0.836,8.0,25.0,0.32,5.0,24.0,0.208,8.0,12.0,0.667,1.0,6.0,0.167,58.0,165.0,0.352,0.0,0.0,0.0
1628549,Thomas Wimbush,1612709921,LIN,24.0,48,101,0.475,10.0,36.0,0.278,5.0,21.0,0.238,5.0,14.0,0.357,6.0,21.0,0.286,28.0,91.0,0.308,0.0,0.0,0.0
1627817,Tim Quarterman,1612709924,ACC,23.0,12,22,0.545,8.0,21.0,0.381,2.0,9.0,0.222,1.0,4.0,0.25,1.0,1.0,1.0,11.0,39.0,0.282,0.0,0.0,0.0
1628689,Tommy Williams,1612709913,ERI,25.0,31,72,0.431,2.0,6.0,0.333,2.0,9.0,0.222,0.0,3.0,0.0,2.0,4.0,0.5,3.0,15.0,0.2,0.0,0.0,0.0
1628396,Tony Bradley,1612709903,SLC,20.0,116,161,0.72,31.0,70.0,0.443,14.0,43.0,0.326,0.0,0.0,0.0,0.0,0.0,0.0,0.0,3.0,0.0,0.0,1.0,0.0
203183,Tony Mitchell,1612709904,SXF,28.0,135,203,0.665,15.0,59.0,0.254,36.0,89.0,0.404,11.0,25.0,0.44,12.0,33.0,0.364,92.0,300.0,0.307,0.0,5.0,0.0
1628143,Tony Parker,1612709911,IWA,24.0,8,14,0.571,2.0,2.0,1.0,0.0,0.0,0.0,0.0,0.0,0.0,0.0,0.0,0.0,0.0,0.0,0.0,0.0,0.0,0.0
203100,Tony Wroten,1612709908,RGV,25.0,114,211,0.54,4.0,16.0,0.25,0.0,1.0,0.0,2.0,7.0,0.286,2.0,6.0,0.333,17.0,68.0,0.25,0.0,0.0,0.0
1628680,Torian Graham,1612709903,SLC,25.0,17,36,0.472,17.0,36.0,0.472,19.0,36.0,0.528,7.0,22.0,0.318,3.0,10.0,0.3,32.0,111.0,0.288,0.0,1.0,0.0
1628470,Torrey Craig,1612709904,SXF,27.0,63,100,0.63,12.0,34.0,0.353,9.0,24.0,0.375,7.0,15.0,0.467,4.0,13.0,0.308,28.0,73.0,0.384,0.0,0.0,0.0
1628753,Tra-Deon Hollins,1612709910,FWN,22.0,33,70,0.471,6.0,19.0,0.316,5.0,14.0,0.357,2.0,6.0,0.333,2.0,5.0,0.4,11.0,52.0,0.212,0.0,0.0,0.0
1627897,Trahson Burrell,1612709926,MHU,25.0,96,166,0.578,15.0,35.0,0.429,4.0,18.0,0.222,1.0,5.0,0.2,3.0,8.0,0.375,45.0,110.0,0.409,0.0,0.0,0.0
204037,Travis Wear,1612709905,SBL,27.0,45,71,0.634,12.0,47.0,0.255,42.0,91.0,0.462,8.0,12.0,0.667,4.0,14.0,0.286,86.0,208.0,0.413,0.0,0.0,0.0
1628779,Tre'Lun Banks,1612709911,IWA,23.0,0,0,0.0,0.0,0.0,0.0,0.0,0.0,0.0,0.0,0.0,0.0,,,,0.0,0.0,0.0,,,
1628545,Trevor Thompson,1612709902,SCW,23.0,49,67,0.731,7.0,29.0,0.241,7.0,23.0,0.304,0.0,0.0,0.0,0.0,0.0,0.0,4.0,9.0,0.444,0.0,0.0,0.0
203504,Trey Burke,1612709919,WES,25.0,77,133,0.579,25.0,52.0,0.481,86.0,176.0,0.489,12.0,21.0,0.571,3.0,5.0,0.6,54.0,138.0,0.391,0.0,2.0,0.0
1628069,Trey Davis,1612709915,MNE,25.0,87,165,0.527,44.0,100.0,0.44,27.0,90.0,0.3,6.0,10.0,0.6,4.0,12.0,0.333,82.0,221.0,0.371,0.0,1.0,0.0
1626722,Trey McKinney Jones,1612709910,FWN,27.0,88,122,0.721,10.0,26.0,0.385,38.0,100.0,0.38,9.0,16.0,0.563,5.0,14.0,0.357,15.0,41.0,0.366,0.0,0.0,0.0
1628505,Troy Caupain,1612709925,LAK,22.0,141,242,0.583,21.0,80.0,0.263,34.0,80.0,0.425,8.0,19.0,0.421,15.0,31.0,0.484,59.0,181.0,0.326,0.0,2.0,0.0
1627786,Troy Williams,1612709908,RGV,23.0,81,121,0.669,1.0,12.0,0.083,5.0,12.0,0.417,6.0,16.0,0.375,1.0,4.0,0.25,41.0,126.0,0.325,0.0,0.0,0.0
1628735,Tucker Haymond,1612709890,AUS,23.0,11,19,0.579,2.0,8.0,0.25,7.0,18.0,0.389,2.0,6.0,0.333,1.0,1.0,1.0,5.0,12.0,0.417,0.0,0.0,0.0
1628463,Tyler Cavanaugh,1612709913,ERI,24.0,28,48,0.583,2.0,8.0,0.25,5.0,11.0,0.455,2.0,4.0,0.5,4.0,7.0,0.571,17.0,40.0,0.425,0.0,0.0,0.0
1628416,Tyler Dorsey,1612709913,ERI,22.0,23,41,0.561,5.0,14.0,0.357,4.0,21.0,0.19,2.0,10.0,0.2,4.0,7.0,0.571,29.0,65.0,0.446,0.0,0.0,0.0
1628523,Tyler Harris,1612709923,WCB,24.0,181,282,0.642,38.0,103.0,0.369,8.0,35.0,0.229,0.0,3.0,0.0,0.0,0.0,0.0,1.0,8.0,0.125,0.0,0.0,0.0
1628399,Tyler Lydon,1612709908,RGV,22.0,38,52,0.731,3.0,5.0,0.6,3.0,5.0,0.6,2.0,5.0,0.4,1.0,2.0,0.5,26.0,72.0,0.361,0.0,0.0,0.0
1628542,Tyler Roberson,1612709924,ACC,23.0,129,200,0.645,18.0,52.0,0.346,30.0,80.0,0.375,0.0,0.0,0.0,0.0,0.0,0.0,1.0,2.0,0.5,0.0,1.0,0.0
1628613,Tyree Murray,1612709914,RNO,27.0,0,0,0.0,,,,0.0,1.0,0.0,,,,0.0,0.0,0.0,0.0,0.0,0.0,,,
1628126,Tyrell Corbin,1612709900,NAS,25.0,2,3,0.667,0.0,0.0,0.0,1.0,1.0,1.0,0.0,1.0,0.0,0.0,1.0,0.0,0.0,3.0,0.0,0.0,0.0,0.0
1627820,Tyrone Wallace,1612709924,ACC,23.0,157,232,0.677,42.0,110.0,0.382,22.0,61.0,0.361,3.0,9.0,0.333,1.0,4.0,0.25,11.0,47.0,0.234,0.0,0.0,0.0
204155,Tyrrel Tate,1612709918,TEX,26.0,13,25,0.52,0.0,7.0,0.0,3.0,9.0,0.333,0.0,3.0,0.0,0.0,4.0,0.0,1.0,5.0,0.2,0.0,1.0,0.0
1628690,Tyshawn Abbott,1612709909,DEL,29.0,27,49,0.551,6.0,13.0,0.462,8.0,24.0,0.333,10.0,33.0,0.303,8.0,21.0,0.381,34.0,110.0,0.309,0.0,0.0,0.0
1628431,V.J. Beachem,1612709905,SBL,23.0,34,58,0.586,1.0,15.0,0.067,17.0,34.0,0.5,13.0,23.0,0.565,11.0,22.0,0.5,35.0,103.0,0.34,0.0,0.0,0.0
203505,Vander Blue,1612709905,SBL,25.0,51,99,0.515,5.0,24.0,0.208,8.0,27.0,0.296,1.0,2.0,0.5,1.0,7.0,0.143,30.0,86.0,0.349,0.0,1.0,0.0
1626205,Vincent Hunter,1612709926,MHU,23.0,62,104,0.596,9.0,23.0,0.391,2.0,12.0,0.167,0.0,3.0,0.0,0.0,0.0,0.0,4.0,20.0,0.2,0.0,0.0,0.0
1628665,Vitto Brown,1612709915,MNE,22.0,29,59,0.492,21.0,44.0,0.477,23.0,49.0,0.469,6.0,13.0,0.462,12.0,24.0,0.5,43.0,127.0,0.339,0.0,0.0,0.0
1627735,Wade Baldwin IV,1612709918,TEX,22.0,60,96,0.625,18.0,46.0,0.391,16.0,50.0,0.32,1.0,5.0,0.2,1.0,2.0,0.5,15.0,64.0,0.234,0.0,0.0,0.0
1628131,Wally Ellenson,1612709889,OKL,24.0,0,1,0.0,0.0,0.0,0.0,0.0,0.0,0.0,0.0,0.0,0.0,0.0,0.0,0.0,1.0,3.0,0.333,,,
1627215,Walter Lemon Jr.,1612709910,FWN,25.0,242,395,0.613,28.0,84.0,0.333,46.0,116.0,0.397,6.0,12.0,0.5,2.0,17.0,0.118,34.0,107.0,0.318,0.0,0.0,0.0
1627782,Wayne Selden,1612709926,MHU,23.0,2,5,0.4,0.0,2.0,0.0,0.0,0.0,0.0,0.0,1.0,0.0,0.0,0.0,0.0,1.0,4.0,0.25,0.0,0.0,0.0
1628411,Wes Iwundu,1612709925,LAK,23.0,30,54,0.556,4.0,19.0,0.211,13.0,34.0,0.382,1.0,5.0,0.2,0.0,1.0,0.0,1.0,11.0,0.091,0.0,1.0,0.0
1628230,Wes Washpun,1612709911,IWA,25.0,39,66,0.591,13.0,29.0,0.448,21.0,61.0,0.344,4.0,12.0,0.333,1.0,12.0,0.083,24.0,74.0,0.324,0.0,2.0,0.0
1628568,Wesley Da Silva,1612709917,GRD,21.0,1,2,0.5,0.0,0.0,0.0,0.0,1.0,0.0,0.0,0.0,0.0,1.0,4.0,0.25,0.0,0.0,0.0,0.0,0.0,0.0
1627900,Will Davis,1612709923,WCB,25.0,108,158,0.684,28.0,71.0,0.394,3.0,9.0,0.333,0.0,1.0,0.0,0.0,0.0,0.0,0.0,2.0,0.0,0.0,0.0,0.0
202378,Willie Warren,1612709918,TEX,28.0,3,6,0.5,2.0,4.0,0.5,0.0,0.0,0.0,0.0,2.0,0.0,0.0,0.0,0.0,1.0,5.0,0.2,0.0,0.0,0.0
1628686,Winston Shepard,1612709902,SCW,24.0,52,83,0.627,4.0,26.0,0.154,6.0,20.0,0.3,0.0,2.0,0.0,0.0,0.0,0.0,7.0,18.0,0.389,0.0,1.0,0.0
1626536,Xavier Gibson,1612709925,LAK,29.0,53,74,0.716,11.0,24.0,0.458,3.0,15.0,0.2,0.0,1.0,0.0,0.0,1.0,0.0,3.0,14.0,0.214,0.0,0.0,0.0
1628841,Xavier Johnson,1612709918,TEX,24.0,54,90,0.6,2.0,18.0,0.111,3.0,6.0,0.5,1.0,4.0,0.25,1.0,2.0,0.5,7.0,26.0,0.269,0.0,1.0,0.0
204098,Xavier Munford,1612709927,WIS,25.0,137,228,0.601,26.0,64.0,0.406,58.0,121.0,0.479,7.0,14.0,0.5,8.0,17.0,0.471,65.0,147.0,0.442,0.0,1.0,0.0
1628504,Xavier Rathan-Mayes,1612709919,WES,24.0,124,208,0.596,15.0,51.0,0.294,67.0,178.0,0.376,1.0,8.0,0.125,0.0,6.0,0.0,67.0,183.0,0.366,0.0,1.0,0.0
202918,Xavier Silas,1612709900,NAS,30.0,62,98,0.633,14.0,27.0,0.519,26.0,55.0,0.473,17.0,52.0,0.327,17.0,34.0,0.5,120.0,319.0,0.376,0.0,0.0,0.0
1628473,Yakuba Ouattara,1612709921,LIN,26.0,25,38,0.658,1.0,2.0,0.5,3.0,8.0,0.375,1.0,4.0,0.25,3.0,11.0,0.273,1.0,17.0,0.059,0.0,1.0,0.0
1628734,Yannis Morin,1612709889,OKL,24.0,66,101,0.653,6.0,19.0,0.316,4.0,7.0,0.571,1.0,4.0,0.25,0.0,2.0,0.0,2.0,12.0,0.167,0.0,0.0,0.0
202876,Zach Andrews,1612709900,NAS,33.0,1,1,1.0,0.0,0.0,0.0,0.0,0.0,0.0,0.0,0.0,0.0,0.0,0.0,0.0,0.0,1.0,0.0,,,
1628860,Zak Irvin,1612709919,WES,23.0,31,48,0.646,6.0,12.0,0.5,7.0,23.0,0.304,0.0,0.0,0.0,0.0,0.0,0.0,2.0,4.0,0.5,0.0,1.0,0.0
1628848,Zeek Woodley,1612709911,IWA,23.0,0,0,0.0,0.0,0.0,0.0,0.0,1.0,0.0,,,,0.0,0.0,0.0,0.0,1.0,0.0,,,
203788,Zeke Marshall,1612709917,GRD,27.0,17,26,0.654,7.0,12.0,0.583,1.0,3.0,0.333,0.0,0.0,0.0,0.0,0.0,0.0,0.0,0.0,0.0,0.0,0.0,0.0
1626580,Zeke Upshaw,1612709917,GRD,27.0,12,27,0.444,3.0,8.0,0.375,12.0,27.0,0.444,9.0,17.0,0.529,18.0,39.0,0.462,64.0,165.0,0.388,0.0,2.0,0.0
1627753,Zhou Qi,1612709908,RGV,22.0,69,104,0.663,3.0,6.0,0.5,3.0,8.0,0.375,2.0,6.0,0.333,2.0,7.0,0.286,24.0,71.0,0.338,0.0,0.0,0.0
